Workbook

Sheet WEEKLY SALES REPORT MAR  20 (2
A1: DATE: | B1: 1.3.2025 - 31.3.2025
A2: Product category | B2: Week 1 | C2: week 2 | D2: Week 3 | E2: Week 4 | F2: Week 5 | G2: TOTAL
A3: Non Alcholic | B3: 866000 | C3: 1166000 | D3: 977000 | E3: 1436500 | F3: 562000 | G3: =SUM(B3:F3) -> 5007500
A4: Alcoholic | B4: 493000 | C4: 512000 | D4: 649000 | E4: 539000 | F4: 475000 | G4: =SUM(B4:F4) -> 2668000
A5: Fresh Products | B5: 712000 | C5: 534000 | D5: 685000 | E5: 630500 | F5: 264000 | G5: =SUM(B5:F5) -> 2825500
A6: Ice creams | B6: 168000 | C6: 104000 | D6: 96000 | E6: 119500 | F6: 59000 | G6: =SUM(B6:F6) -> 546500
A7: Confectionery | B7: 746100 | C7: 654000 | D7: 711500 | E7: 713500 | F7: 256300 | G7: =SUM(B7:F7) -> 3081400
A8: Tobacco | B8: 36000 | C8: 48000 | D8: 105000 | E8: 43000 | F8: 98000 | G8: =SUM(B8:F8) -> 330000
A9: Grocery | B9: 648000 | C9: 522000 | D9: 574000 | E9: 651000 | F9: 206000 | G9: =SUM(B9:F9) -> 2601000
A10: Health & beauty | B10: 295000 | C10: 287000 | D10: 475000 | E10: 463000 | F10: 200000 | G10: =SUM(B10:F10) -> 1720000
A11: Bazaar | B11: 54000 | C11: 38000 | D11: 42000 | E11: 60000 | F11: 31000 | G11: =SUM(B11:F11) -> 225000
A12: Car Care | G12: =SUM(B12:E12) -> 0
A13: Car wash | G13: =SUM(B13:E13) -> 0
A14: Press | G14: =SUM(B14:E14) -> 0
A15: Lottery | G15: =SUM(B15:E15) -> 0
A16: Coffee | B16: 25000 | C16: 6000 | D16: 11000 | E16: 16000 | F16: 7000 | G16: =SUM(B16:F16) -> 65000
A17: Snacks | G17: =SUM(B17:E17) -> 0
A18: Lubricants in shop | G18: =SUM(B18:E18) -> 0
A19: Guichet unique | G19: =SUM(B19:E19) -> 0
A20: Total | B20: =SUM(B3:B19) -> 4043100 | C20: =SUM(C3:C19) -> 3871000 | D20: =SUM(D3:D19) -> 4325500 | E20: =SUM(E3:E19) -> 4672000 | F20: =SUM(F3:F19) -> 2158300 | G20: =SUM(G3:G19) -> 19069900
A23: Maintenance Issues & Challenges
A24: The shop prfomance has not been good due fasting season but we hope to improve.thank you.

Sheet DAILY  SALES REPORT MAR.202 (2
B1: TotalEnergies MARKETING UGANDA LIMITED
B2: SHOP WEEKLY REPORT (MTD)
B3: SHOP NAME | C3: TotalEnergies RWIZI | G3: March.2025
B4: MONTH
A5: DATE | B5: Non Alcholic | C5: Alcoholic | D5: Fresh products | E5: Ice cream | F5: Confectionery | G5: Tobacco | H5: Grocery | I5: Health & beauty | J5: Bazaar | K5: Car Care | L5: Car wash | M5: Press | N5: Lottery | O5: Coffee | P5: Snacks | Q5: Lubricants in shop | R5: Guichet | S5: Total T/O (Excluding Airtime, carwash,lubricants in shop) | T5: Global Total | U5: GUICHET BANKING
A6: 1st | B6: 161000 | C6: 146000 | D6: 121000 | E6: 22000 | F6: 131000 | G6: 0 | H6: 106000 | I6: 30000 | J6: 0 | O6: 12000 | Q6: 0 | R6: 0 | T6: =SUM(B6:S6) -> 729000
A7: 2nd | B7: 133000 | C7: 44000 | D7: 109000 | E7: 28000 | F7: 103400 | G7: 12000 | H7: 92000 | I7: 38000 | J7: 6000 | O7: 0 | Q7: 0 | R7: 0 | T7: =SUM(B7:S7) -> 565400
A8: 3rd | B8: 113000 | C8: 36000 | D8: 70000 | E8: 16000 | F8: 103000 | G8: 24000 | H8: 79000 | I8: 52000 | J8: 20000 | O8: 0 | Q8: 0 | R8: 2000 | T8: =SUM(B8:S8) -> 515000
A9: 4th | B9: 121000 | C9: 17000 | D9: 113000 | E9: 10000 | F9: 109000 | G9: 0 | H9: 112000 | I9: 35000 | J9: 13000 | O9: 0 | Q9: 0 | R9: 262000 | T9: =SUM(B9:S9) -> 792000
A10: 5th | B10: 103000 | C10: 55000 | D10: 80000 | E10: 22000 | F10: 105000 | G10: 0 | H10: 57000 | I10: 42000 | J10: 12000 | O10: 5000 | Q10: 0 | R10: 126000 | T10: =SUM(B10:S10) -> 607000
A11: 6th | B11: 132000 | C11: 34000 | D11: 116000 | E11: 25000 | F11: 115700 | G11: 0 | H11: 117000 | I11: 51000 | J11: 3000 | O11: 0 | Q11: 0 | R11: 765000 | T11: =SUM(B11:S11) -> 1358700 | U11: 1000000
A12: 7th | B12: 103000 | C12: 161000 | D12: 103000 | E12: 45000 | F12: 79000 | G12: 0 | H12: 85000 | I12: 47000 | J12: 0 | O12: 0 | Q12: 0 | R12: 4000 | T12: =SUM(B12:S12) -> 627000
A13: 8th | B13: 135000 | C13: 52000 | D13: 136000 | E13: 16000 | F13: 107500 | G13: 0 | H13: 105000 | I13: 51000 | J13: 6000 | O13: 0 | Q13: 195500 | R13: 150000 | T13: =SUM(B13:S13) -> 954000
A14: 9th | B14: 119000 | C14: 151000 | D14: 72000 | E14: 0 | F14: 101000 | G14: 0 | H14: 92000 | I14: 6000 | J14: 4000 | O14: 11000 | Q14: 155000 | R14: 150000 | T14: =SUM(B14:S14) -> 861000
A15: 10th | B15: 224500 | C15: 96000 | D15: 63000 | E15: 20500 | F15: 93000 | G15: 24000 | H15: 82000 | I15: 41000 | J15: 6000 | O15: 0 | Q15: 119000 | R15: 123000 | T15: =SUM(B15:S15) -> 892000
A16: 11th | B16: 153000 | C16: 29000 | D16: 62000 | E16: 15000 | F16: 56800 | G16: 0 | H16: 44000 | I16: 35000 | J16: 6000 | O16: 0 | Q16: 102500 | R16: 0 | T16: =SUM(B16:S16) -> 503300
A17: 12th | B17: 177500 | C17: 90000 | D17: 62000 | E17: 7500 | F17: 93000 | G17: 0 | H17: 76000 | I17: 63000 | J17: 0 | O17: 0 | Q17: 195500 | R17: 0 | T17: =SUM(B17:S17) -> 764500
A18: 13th | B18: 164000 | C18: 42000 | D18: 76000 | E18: 30000 | F18: 51700 | G18: 0 | H18: 82000 | I18: 41000 | J18: 0 | O18: 0 | Q18: 119500 | R18: 13000 | T18: =SUM(B18:S18) -> 619200
A19: 14th | B19: 193000 | C19: 52000 | D19: 63000 | E19: 15000 | F19: 142000 | G19: 24000 | H19: 41000 | I19: 50000 | J19: 16000 | O19: 0 | Q19: 156000 | R19: 225000 | T19: =SUM(B19:S19) -> 977000
A20: 15th | B20: 200000 | C20: 100000 | D20: 98000 | E20: 15000 | F20: 72000 | G20: 24000 | H20: 107000 | I20: 74000 | J20: 17000 | O20: 12000 | Q20: 23000 | R20: 0 | T20: =SUM(B20:S20) -> 742000
A21: 16TH | B21: 112000 | C21: 50000 | D21: 79000 | E21: 11000 | F21: 117000 | G21: 12000 | H21: 74000 | I21: 64000 | J21: 3000 | O21: 0 | Q21: 78000 | R21: 0 | T21: =SUM(B21:S21) -> 600000
A22: 17th | B22: 113000 | C22: 169000 | D22: 113000 | E22: 19000 | F22: 117500 | G22: 12000 | H22: 80000 | I22: 51000 | J22: 3000 | O22: 0 | Q22: 215500 | R22: 0 | T22: =SUM(B22:S22) -> 893000
A23: 18th | B23: 109000 | C23: 118000 | D23: 82000 | E23: 8500 | F23: 86000 | G23: 18000 | H23: 49000 | I23: 67000 | J23: 4000 | O23: 7000 | Q23: 23000 | R23: 60000 | T23: =SUM(B23:S23) -> 631500
... A34: 29th | B34: 251000 | C34: 302000 | D34: 67000 | E34: 16000 | F34: 92600 | G34: 16000 | H34: 62000 | I34: 94000 | J34: 13000 | O34: 0 | Q34: 41000 | R34: 24000 | T34: =SUM(B34:S34) -> 978600
A35: 30TH | B35: 170000 | C35: 75000 | D35: 81000 | E35: 15000 | F35: 60000 | G35: 12000 | H35: 61000 | I35: 31000 | J35: 0 | O35: 0 | Q35: 0 | R35: 2962000 | T35: =SUM(B35:S35) -> 3467000 | U35: 2000000
A36: 31ST | B36: 141000 | C36: 109000 | D36: 116000 | E36: 28000 | F36: 103700 | G36: 70000 | H36: 83000 | I36: 75000 | J36: 18000 | O36: 0 | Q36: 0 | R36: 11000 | T36: =SUM(B36:S36) -> 754700
A37: GRAND TOTAL | B37: =SUM(B6:B36) -> 5007500 | C37: =SUM(C6:C36) -> 2679000 | D37: =SUM(D6:D36) -> 2825500 | E37: =SUM(E6:E36) -> 546500 | F37: =SUM(F6:F36) -> 3072400 | G37: =SUM(G6:G36) -> 327000 | H37: =SUM(H6:H36) -> 2601000 | I37: =SUM(I6:I36) -> 1720000 | J37: =SUM(J6:J36) -> 225000 | O37: =SUM(O6:O36) -> 65000 | Q37: =SUM(Q6:Q36) -> 1816500 | R37: =SUM(R6:R36) -> 9913000 | T37: =SUM(B37:S37) -> 30798400

Sheet Daily sales JULY 2023
B1: TotalEnergies MARKETING UGANDA LIMITED
B2: SHOP WEEKLY REPORT (MTD)
B3: SHOP NAME | C3: TotalEnergies RWIZI
B4: MONTH | C4: 45108
A5: DATE | B5: Non Alcholic | C5: Alcoholic | D5: Fresh products | E5: Ice cream | F5: Confectionery | G5: Tobacco | H5: Grocery | I5: Health & beauty | J5: Bazaar | K5: Car Care | L5: Car wash | M5: Press | N5: Lottery | O5: Coffee | P5: Snacks | Q5: Lubricants in shop | R5: Guichet | S5: Total T/O (Excluding Airtime, carwash,lubricants in shop) | T5: Global Total
A6: 1st | B6: 231000 | C6: 85000 | D6: 69000 | E6: 11000 | F6: 201000 | H6: 71000 | I6: 42000 | J6: 10000 | K6: 0 | O6: 0 | S6: =(B6+C6+D6+E6+F6+G6+H6+I6+J6+K6+M6+N6+O6+P6) -> 720000 | T6: =SUM(B6:R6) -> 720000
A7: 2nd | B7: 218500 | C7: 176000 | D7: 131000 | E7: 45500 | F7: 166000 | H7: 63000 | I7: 69500 | J7: 25000 | K7: 0 | O7: 0 | S7: =(B7+C7+D7+E7+F7+G7+H7+I7+J7+K7+M7+N7+O7+P7) -> 894500 | T7: =SUM(B7:R7) -> 894500
A8: 3rd | B8: 227500 | C8: 40000 | D8: 134000 | E8: 22500 | F8: 175500 | H8: 47000 | I8: 33500 | J8: 4000 | K8: 0 | O8: 0 | R8: 604000 | S8: =(B8+C8+D8+E8+F8+G8+H8+I8+J8+K8+M8+N8+O8+P8) -> 684000 | T8: =SUM(B8:R8) -> 1288000
A9: 4th | B9: 258000 | C9: 39000 | D9: 67500 | E9: 10000 | F9: 95500 | H9: 30000 | I9: 5000 | J9: 17000 | K9: 0 | O9: 0 | R9: 160000 | S9: =(B9+C9+D9+E9+F9+G9+H9+I9+J9+K9+M9+N9+O9+P9) -> 522000 | T9: =SUM(B9:R9) -> 682000
A10: 5th | B10: 313500 | C10: 96000 | D10: 121500 | E10: 16000 | F10: 88500 | H10: 114000 | I10: 56000 | J10: 31500 | K10: 0 | O10: 9000 | R10: 646000 | S10: =(B10+C10+D10+E10+F10+G10+H10+I10+J10+K10+M10+N10+O10+P10) -> 846000 | T10: =SUM(B10:R10) -> 1492000
A11: 6th | B11: 158000 | C11: 45000 | D11: 89000 | E11: 17000 | F11: 40000 | H11: 83000 | I11: 66000 | J11: 20000 | K11: 0 | O11: 5000 | R11: 302000 | S11: =(B11+C11+D11+E11+F11+G11+H11+I11+J11+K11+M11+N11+O11+P11) -> 523000 | T11: =SUM(B11:R11) -> 825000
A12: 7th | B12: 315000 | C12: 330000 | D12: 76500 | E12: 18000 | F12: 128500 | H12: 12000 | I12: 22500 | J12: 25500 | K12: 0 | O12: 19000 | R12: 1215000 | S12: =(B12+C12+D12+E12+F12+G12+H12+I12+J12+K12+M12+N12+O12+P12) -> 947000 | T12: =SUM(B12:R12) -> 2162000
A13: 8th | B13: 165500 | C13: 105000 | D13: 101000 | E13: 22000 | F13: 102500 | H13: 28000 | I13: 35000 | J13: 31000 | K13: 0 | O13: 35000 | R13: 0 | S13: =(B13+C13+D13+E13+F13+G13+H13+I13+J13+K13+M13+N13+O13+P13) -> 625000 | T13: =SUM(B13:R13) -> 625000
A14: 9th | B14: 198000 | C14: 8000 | D14: 85500 | E14: 32000 | F14: 121000 | H14: 12000 | I14: 18000 | J14: 5500 | K14: 0 | O14: 14000 | R14: 280000 | S14: =(B14+C14+D14+E14+F14+G14+H14+I14+J14+K14+M14+N14+O14+P14) -> 494000 | T14: =SUM(B14:R14) -> 774000
A15: 10th | B15: 276500 | C15: 144000 | D15: 133000 | E15: 15500 | F15: 123000 | H15: 66000 | I15: 6000 | J15: 34000 | K15: 0 | O15: 10000 | R15: 172000 | S15: =(B15+C15+D15+E15+F15+G15+H15+I15+J15+K15+M15+N15+O15+P15) -> 808000 | T15: =SUM(B15:R15) -> 980000
A16: 11th | B16: 265000 | C16: 166000 | D16: 159000 | E16: 52500 | F16: 135000 | H16: 95000 | I16: 123500 | J16: 5000 | K16: 0 | O16: 19000 | R16: 0 | S16: =(B16+C16+D16+E16+F16+G16+H16+I16+J16+K16+M16+N16+O16+P16) -> 1020000 | T16: =SUM(B16:R16) -> 1020000
A17: 12th | B17: 145000 | C17: 65000 | D17: 63000 | E17: 25000 | F17: 103000 | H17: 84000 | I17: 36000 | J17: 10000 | K17: 0 | O17: 0 | R17: -3400000 | S17: =(B17+C17+D17+E17+F17+G17+H17+I17+J17+K17+M17+N17+O17+P17) -> 531000 | T17: =SUM(B17:R17) -> -2869000 | U17: BANKING
A18: 13th | B18: 198500 | C18: 145000 | D18: 133500 | E18: 13000 | F18: 43000 | H18: 82000 | I18: 40000 | J18: 3500 | K18: 0 | O18: 8000 | R18: 0 | S18: =(B18+C18+D18+E18+F18+G18+H18+I18+J18+K18+M18+N18+O18+P18) -> 666500 | T18: =SUM(B18:R18) -> 666500
A19: 14th | B19: 166500 | C19: 210000 | D19: 147000 | E19: 9500 | F19: 140000 | H19: 47000 | I19: 37000 | J19: 5000 | K19: 0 | O19: 20000 | R19: 205000 | S19: =(B19+C19+D19+E19+F19+G19+H19+I19+J19+K19+M19+N19+O19+P19) -> 782000 | T19: =SUM(B19:R19) -> 987000
A20: 15th | B20: 403000 | C20: 560000 | D20: 202000 | E20: 30000 | F20: 279500 | H20: 401000 | I20: 71000 | J20: 3000 | K20: 0 | O20: 26000 | R20: 1205000 | S20: =(B20+C20+D20+E20+F20+G20+H20+I20+J20+K20+M20+N20+O20+P20) -> 1975500 | T20: =SUM(B20:R20) -> 3180500
A21: 16th | B21: 190000 | C21: 140000 | D21: 98000 | E21: 21000 | F21: 126000 | H21: 163000 | I21: 2000 | J21: 4000 | K21: 0 | O21: 16000 | R21: 0 | S21: =(B21+C21+D21+E21+F21+G21+H21+I21+J21+K21+M21+N21+O21+P21) -> 760000 | T21: =SUM(B21:R21) -> 760000
A22: 17th | B22: 221000 | C22: 82000 | D22: 118000 | E22: 40500 | F22: 50000 | H22: 54000 | I22: 50000 | J22: 12000 | K22: 0 | O22: 0 | R22: -1000000 | S22: =(B22+C22+D22+E22+F22+G22+H22+I22+J22+K22+M22+N22+O22+P22) -> 627500 | T22: =SUM(B22:R22) -> -372500 | U22: BANKING
A23: 18th | B23: 183000 | C23: 114000 | D23: 105000 | E23: 12000 | F23: 65000 | H23: 36000 | I23: 21000 | J23: 10000 | K23: 0 | O23: 0 | R23: -82000 | S23: =(B23+C23+D23+E23+F23+G23+H23+I23+J23+K23+M23+N23+O23+P23) -> 546000 | T23: =SUM(B23:R23) -> 464000
A24: 19th | B24: 130000 | C24: 77000 | D24: 71500 | E24: 11000 | F24: 62500 | H24: 47500 | I24: 50000 | J24: 6000 | K24: 0 | O24: 0 | R24: 190000 | S24: =(B24+C24+D24+E24+F24+G24+H24+I24+J24+K24+M24+N24+O24+P24) -> 455500 | T24: =SUM(B24:R24) -> 645500
A25: 20th | B25: 169000 | C25: 10000 | D25: 72000 | E25: 32000 | F25: 123000 | H25: 35000 | I25: 14000 | J25: 32000 | K25: 0 | O25: 12000 | R25: -24000 | S25: =(B25+C25+D25+E25+F25+G25+H25+I25+J25+K25+M25+N25+O25+P25) -> 499000 | T25: =SUM(B25:R25) -> 475000
A26: 21st | B26: 210000 | C26: 167000 | D26: 80000 | E26: 10000 | F26: 118500 | H26: 100000 | I26: 95000 | J26: 56000 | K26: 0 | O26: 15000 | R26: 0 | S26: =(B26+C26+D26+E26+F26+G26+H26+I26+J26+K26+M26+N26+O26+P26) -> 851500 | T26: =SUM(B26:R26) -> 851500
A27: 22nd | B27: 270000 | C27: 127000 | D27: 141000 | E27: 3000 | F27: 240300 | H27: 79000 | I27: 58000 | J27: 45000 | K27: 0 | O27: 8000 | R27: 46000 | S27: =(B27+C27+D27+E27+F27+G27+H27+I27+J27+K27+M27+N27+O27+P27) -> 971300 | T27: =SUM(B27:R27) -> 1017300
A28: 23rd | B28: 220000 | C28: 187000 | D28: 80000 | E28: 16500 | F28: 149500 | H28: 85000 | I28: 66000 | J28: 8000 | K28: 0 | O28: 24000 | R28: 424000 | S28: =(B28+C28+D28+E28+F28+G28+H28+I28+J28+K28+M28+N28+O28+P28) -> 836000 | T28: =SUM(B28:R28) -> 1260000
A29: 24th | B29: 319500 | C29: 104000 | D29: 125000 | E29: 9000 | F29: 75900 | H29: 45000 | I29: 35000 | J29: 6000 | K29: 0 | O29: 0 | R29: 882000 | S29: =(B29+C29+D29+E29+F29+G29+H29+I29+J29+K29+M29+N29+O29+P29) -> 719400 | T29: =SUM(B29:R29) -> 1601400
A30: 25th | B30: 286000 | C30: 111000 | D30: 131000 | E30: 3000 | F30: 84800 | H30: 21000 | I30: 10000 | J30: 5500 | K30: 0 | O30: 4000 | R30: 0 | S30: =(B30+C30+D30+E30+F30+G30+H30+I30+J30+K30+M30+N30+O30+P30) -> 656300 | T30: =SUM(B30:R30) -> 656300
A31: 26th | B31: 210000 | C31: 51000 | D31: 40000 | E31: 30000 | F31: 64000 | H31: 12000 | I31: 27000 | J31: 10000 | K31: 0 | O31: 0 | R31: 1459000 | S31: =(B31+C31+D31+E31+F31+G31+H31+I31+J31+K31+M31+N31+O31+P31) -> 444000 | T31: =SUM(B31:R31) -> 1903000
A32: 27th | B32: 267000 | C32: 276000 | D32: 141000 | E32: 10000 | F32: 121000 | H32: 94000 | I32: 130000 | J32: 11000 | K32: 0 | O32: 0 | R32: 0 | S32: =(B32+C32+D32+E32+F32+G32+H32+I32+J32+K32+M32+N32+O32+P32) -> 1050000 | T32: =SUM(B32:R32) -> 1050000
A33: 28th | B33: 276000 | C33: 78000 | D33: 110000 | E33: 26000 | F33: 85000 | H33: 70000 | I33: 71000 | J33: 42000 | K33: 0 | O33: 8000 | R33: 0 | S33: =(B33+C33+D33+E33+F33+G33+H33+I33+J33+K33+M33+N33+O33+P33) -> 766000 | T33: =SUM(B33:R33) -> 766000
A34: 29th | B34: 472000 | C34: 435000 | D34: 156000 | E34: 24000 | F34: 240000 | H34: 150000 | I34: 60000 | J34: 37000 | K34: 0 | O34: 28000 | R34: 0 | S34: =(B34+C34+D34+E34+F34+G34+H34+I34+J34+K34+M34+N34+O34+P34) -> 1602000 | T34: =SUM(B34:R34) -> 1602000
A35: 30th | B35: 210000 | C35: 70000 | D35: 105000 | E35: 42000 | F35: 151200 | H35: 78000 | I35: 75000 | J35: 20000 | K35: 0 | O35: 6000 | R35: 0 | S35: =(B35+C35+D35+E35+F35+G35+H35+I35+J35+K35+M35+N35+O35+P35) -> 757200 | T35: =SUM(B35:R35) -> 757200
A36: 31st | B36: 121000 | C36: 105000 | D36: 106000 | E36: 30000 | F36: 161500 | H36: 105000 | I36: 55000 | J36: 28000 | O36: 8000 | R36: -3244000 | S36: =SUM(B36:R36) -> -2524500 | T36: 711500 | U36: BANKING
A37: GRAND TOTAL | B37: =SUM(B6:B36) -> 7294000 | C37: =SUM(C6:C36) -> 4348000 | D37: =SUM(D6:D36) -> 3392000 | E37: =SUM(E6:E36) -> 659500 | F37: =SUM(F6:F36) -> 3860200 | G37: =SUM(G6:G36) -> 0 | H37: =SUM(H6:H36) -> 2409500 | I37: =SUM(I6:I36) -> 1480000 | ... T37: =SUM(T6:T36) -> 27575700

Sheet Weekly report JULY 2023
B2: TotalEnergies MARKETING UGANDA LIMITED
B3: SHOP WEEKLY REPORT (MTD)
B6: SHOP NAME | C6: TotalEnergies RWIZI
B8: DATE: | C8: 31.07.2023
B9: Product category | C9: Week 1 | D9: week 2 | E9: Week 3 | F9: Week 4 | G9: Week 5 | H9: TOTAL
A10: 1 | B10: Non Alcholic | C10: 1711500 | D10: 1355000 | E10: 1506000 | F10: 1848500 | G10: 803000 | H10: =SUM(C10:G10) -> 7224000
A11: 2 | B11: Alcoholic | C11: 910000 | D11: 843000 | E11: 1150000 | F11: 934000 | G11: 690000 | H11: =SUM(C11:G11) -> 4527000
A12: 3 | B12: Fresh Products | C12: 688500 | D12: 824000 | E12: 746500 | F12: 768000 | G12: 367000 | H12: =SUM(C12:G12) -> 3394000
A13: 4 | B13: Ice creams | C13: 140000 | D13: 159500 | E13: 145500 | F13: 97500 | G13: 66000 | H13: =SUM(C13:G13) -> 608500
A14: 5 | B14: Confectionery | C14: 792500 | D14: 767500 | E14: 796500 | F14: 781700 | G14: 552700 | H14: =SUM(C14:G14) -> 3690900
A15: 6 | B15: Tobacco | H15: =SUM(C15:F15) -> 0
A16: 7 | B16: Grocery | C16: 420000 | D16: 409000 | E16: 937000 | F16: 406000 | G16: 333000 | H16: =SUM(C16:G16) -> 2505000
A17: 8 | B17: Health & beauty | C17: 294500 | D17: 284500 | E17: 321000 | F17: 390000 | G17: 190000 | H17: =SUM(C17:G17) -> 1480000
A18: 9 | B18: Bazaar | C18: 140500 | D18: 105000 | E18: 117000 | F18: 155000 | G18: 83000 | H18: =SUM(C18:G18) -> 600500
A19: 10 | B19: Car Care | H19: =SUM(C19:F19) -> 0
A20: 11 | B20: Car wash | H20: =SUM(C20:F20) -> 0
A21: 12 | B21: Press | H21: =SUM(C21:F21) -> 0
A22: 13 | B22: Lottery | H22: =SUM(C22:F22) -> 0
A23: 14 | B23: Coffee | C23: 33000 | D23: 106000 | E23: 69000 | F23: 72000 | G23: 14000 | H23: =SUM(C23:G23) -> 294000
A24: 15 | B24: Snacks | H24: =SUM(C24:F24) -> 0
A25: 16 | B25: Lubricants in shop | H25: =SUM(C25:F25) -> 0
A26: 17 | B26: Guichet unique | H26: =SUM(C26:F26) -> 0
B27: Total | C27: =SUM(C10:C26) -> 5130500 | D27: =SUM(D10:D26) -> 4853500 | E27: =SUM(E10:E26) -> 5788500 | F27: =SUM(F10:F26) -> 5452700 | G27: =SUM(G10:G26) -> 3098700 | H27: =SUM(H10:H26) -> 24323900
B30: Maintenance Issues & Challenges
A31: 1
A32: 2
A33: 3
A34: 4
A35: 5
A36: 6

Sheet DAILY SALES AUGUST 2023
B1: TotalEnergies MARKETING UGANDA LIMITED
B2: SHOP WEEKLY REPORT (MTD)
B3: SHOP NAME | C3: TotalEnergies RWIZI
B4: MONTH | C4: 45139
A5: DATE | B5: Non Alcholic | C5: Alcoholic | D5: Fresh products | E5: Ice cream | F5: Confectionery | G5: Tobacco | H5: Grocery | I5: Health & beauty | J5: Bazaar | K5: Car Care | L5: Car wash | M5: Press | N5: Lottery | O5: Coffee | P5: Snacks | Q5: Lubricants in shop | R5: Guichet | S5: Total T/O (Excluding Airtime, carwash,lubricants in shop) | T5: Global Total
A6: 1st | B6: 171000 | C6: 26000 | D6: 41000 | E6: 19000 | F6: 94000 | G6: 0 | H6: 56000 | I6: 29000 | J6: 3000 | K6: 0 | O6: 0 | P6: 0 | Q6: 0 | S6: =(B6+C6+D6+E6+F6+G6+H6+I6+J6+K6+M6+N6+O6+P6) -> 439000 | T6: =SUM(B6:R6) -> 439000
A7: 2nd | B7: 154000 | C7: 87000 | D7: 89000 | E7: 17000 | F7: 84000 | G7: 0 | H7: 41000 | I7: 25000 | J7: 7000 | K7: 0 | O7: 42000 | S7: =(B7+C7+D7+E7+F7+G7+H7+I7+J7+K7+M7+N7+O7+P7) -> 546000 | T7: =SUM(B7:R7) -> 546000
A8: 3rd | B8: 156000 | C8: 74000 | D8: 104000 | E8: 15000 | F8: 118000 | H8: 29000 | I8: 60000 | J8: 4000 | K8: 0 | O8: 0 | R8: 1000 | S8: =(B8+C8+D8+E8+F8+G8+H8+I8+J8+K8+M8+N8+O8+P8) -> 560000 | T8: =SUM(B8:R8) -> 561000
A9: 4th | B9: 250000 | C9: 149000 | D9: 137000 | E9: 30000 | F9: 138500 | G9: 0 | H9: 204000 | I9: 110000 | J9: 7000 | K9: 0 | O9: 0 | R9: 2063000 | S9: =(B9+C9+D9+E9+F9+G9+H9+I9+J9+K9+M9+N9+O9+P9) -> 1025500 | T9: =SUM(B9:R9) -> 3088500
A10: 5th | B10: 346000 | C10: 391000 | D10: 175000 | E10: 19000 | F10: 190500 | H10: 38000 | I10: 27000 | J10: 15000 | K10: 0 | O10: 0 | R10: 2810000 | S10: =(B10+C10+D10+E10+F10+G10+H10+I10+J10+K10+M10+N10+O10+P10) -> 1201500 | T10: =SUM(B10:R10) -> 4011500
A11: 6th | B11: 301000 | C11: 36000 | D11: 260000 | E11: 153000 | F11: 38000 | G11: 96000 | H11: 41000 | I11: 12000 | J11: 23000 | K11: 0 | O11: 0 | R11: 397000 | S11: =(B11+C11+D11+E11+F11+G11+H11+I11+J11+K11+M11+N11+O11+P11) -> 960000 | T11: =SUM(B11:R11) -> 1357000
A12: 7th | B12: 258000 | C12: 125000 | D12: 92500 | E12: 5000 | F12: 134500 | H12: 18000 | I12: 73000 | J12: 4500 | K12: 0 | O12: 12000 | R12: 484000 | S12: =(B12+C12+D12+E12+F12+G12+H12+I12+J12+K12+M12+N12+O12+P12) -> 722500 | T12: =SUM(B12:R12) -> 1206500
A13: 8th | B13: 170000 | C13: 15000 | D13: 75000 | E13: 5000 | F13: 75000 | G13: 0 | H13: 51000 | I13: 35000 | J13: 7000 | K13: 0 | O13: 4000 | R13: 12000 | S13: =(B13+C13+D13+E13+F13+G13+H13+I13+J13+K13+M13+N13+O13+P13) -> 437000 | T13: =SUM(B13:R13) -> 449000
A14: 9th | B14: 192500 | C14: 39000 | D14: 69500 | E14: 4500 | F14: 73500 | G14: 12000 | H14: 79000 | I14: 85000 | J14: 9000 | K14: 0 | O14: 8000 | R14: 0 | S14: =(B14+C14+D14+E14+F14+G14+H14+I14+J14+K14+M14+N14+O14+P14) -> 572000 | T14: =SUM(B14:R14) -> 572000
A15: 10th | B15: 248000 | C15: 62000 | D15: 93000 | E15: 30000 | F15: 130000 | H15: 73000 | I15: 90000 | J15: 14000 | K15: 0 | O15: 13000 | R15: 0 | S15: =(B15+C15+D15+E15+F15+G15+H15+I15+J15+K15+M15+N15+O15+P15) -> 753000 | T15: =SUM(B15:R15) -> 753000
A16: 11th | B16: 262000 | C16: 260000 | D16: 85000 | E16: 30000 | F16: 141000 | H16: 70000 | I16: 95000 | J16: 20000 | K16: 0 | O16: 10000 | R16: 770000 | S16: =(B16+C16+D16+E16+F16+G16+H16+I16+J16+K16+M16+N16+O16+P16) -> 973000 | T16: =SUM(B16:R16) -> 1743000
A17: 12th | B17: 316000 | C17: 217000 | D17: 106000 | E17: 32000 | F17: 121000 | H17: 147000 | I17: 97000 | J17: 28000 | K17: 0 | O17: 30000 | R17: 1030000 | S17: =(B17+C17+D17+E17+F17+G17+H17+I17+J17+K17+M17+N17+O17+P17) -> 1094000 | T17: =SUM(B17:R17) -> 2124000 | U17: BANKING
A18: 13th | B18: 245000 | C18: 195000 | D18: 93000 | E18: 46000 | F18: 167000 | H18: 41000 | I18: 48000 | J18: 6000 | K18: 0 | O18: 22000 | R18: 1000000 | S18: =(B18+C18+D18+E18+F18+G18+H18+I18+J18+K18+M18+N18+O18+P18) -> 863000 | T18: =SUM(B18:R18) -> 1863000 | U18: BANKING
A19: 14th | B19: 259000 | C19: 106000 | D19: 113500 | E19: 30000 | F19: 101900 | G19: 6000 | H19: 48000 | I19: 64000 | J19: 5000 | K19: 0 | O19: 14000 | R19: 920000 | S19: =(B19+C19+D19+E19+F19+G19+H19+I19+J19+K19+M19+N19+O19+P19) -> 747400 | T19: =SUM(B19:R19) -> 1667400
A20: 15th | B20: 169500 | C20: 110000 | D20: 103500 | E20: 28000 | F20: 128500 | H20: 29000 | I20: 28500 | J20: 5000 | K20: 0 | O20: 4000 | R20: 0 | S20: =(B20+C20+D20+E20+F20+G20+H20+I20+J20+K20+M20+N20+O20+P20) -> 606000 | T20: =SUM(B20:R20) -> 606000
A21: 16TH | B21: 174000 | C21: 84000 | D21: 139500 | E21: 36000 | F21: 76500 | H21: 42000 | I21: 51000 | J21: 5000 | K21: 0 | O21: 4000 | R21: 3764000 | S21: =(B21+C21+D21+E21+F21+G21+H21+I21+J21+K21+M21+N21+O21+P21) -> 612000 | T21: =SUM(B21:R21) -> 4376000
A22: 17th | B22: 200000 | C22: 120000 | D22: 78000 | E22: 12000 | F22: 153000 | H22: 62000 | I22: 50000 | J22: 2000 | K22: 0 | O22: 0 | R22: 1709000 | S22: =(B22+C22+D22+E22+F22+G22+H22+I22+J22+K22+M22+N22+O22+P22) -> 677000 | T22: =SUM(B22:R22) -> 2386000 | U22: BANKING
A23: 18th | B23: 286500 | C23: 87000 | D23: 100000 | E23: 4500 | F23: 148000 | H23: 96000 | I23: 43000 | J23: 46000 | K23: 0 | O23: 16000 | R23: -11000 | S23: =(B23+C23+D23+E23+F23+G23+H23+I23+J23+K23+M23+N23+O23+P23) -> 827000 | T23: =SUM(B23:R23) -> 816000
A24: 19th | B24: 294500 | C24: 175000 | D24: 160000 | E24: 19500 | F24: 147500 | H24: 30000 | I24: 33000 | J24: 40300 | K24: 0 | O24: 19000 | R24: 140000 | S24: =(B24+C24+D24+E24+F24+G24+H24+I24+J24+K24+M24+N24+O24+P24) -> 918800 | T24: =SUM(B24:R24) -> 1058800
A25: 20th | B25: 317000 | C25: 100000 | D25: 134000 | E25: 20000 | F25: 202500 | H25: 71000 | I25: 30000 | J25: 10000 | K25: 0 | O25: 6000 | R25: 200000 | S25: =(B25+C25+D25+E25+F25+G25+H25+I25+J25+K25+M25+N25+O25+P25) -> 890500 | T25: =SUM(B25:R25) -> 1090500
A26: 21st | B26: 246000 | C26: 224000 | D26: 84000 | E26: 16000 | F26: 142500 | G26: 12000 | H26: 194000 | I26: 85000 | J26: 17000 | K26: 0 | O26: 0 | R26: 191000 | S26: =(B26+C26+D26+E26+F26+G26+H26+I26+J26+K26+M26+N26+O26+P26) -> 1020500 | T26: =SUM(B26:R26) -> 1211500
A27: 22nd | B27: 211000 | C27: 59000 | D27: 133000 | E27: 7500 | F27: 115500 | G27: 12000 | H27: 109500 | I27: 71000 | J27: 6000 | K27: 0 | O27: 0 | R27: 243000 | S27: =(B27+C27+D27+E27+F27+G27+H27+I27+J27+K27+M27+N27+O27+P27) -> 724500 | T27: =SUM(B27:R27) -> 967500
A28: 23rd | B28: 278500 | C28: 172000 | D28: 95000 | E28: 32500 | F28: 120000 | G28: 12000 | H28: 47000 | I28: 202000 | J28: 22000 | K28: 0 | O28: 6000 | R28: 1340000 | S28: =(B28+C28+D28+E28+F28+G28+H28+I28+J28+K28+M28+N28+O28+P28) -> 987000 | T28: =SUM(B28:R28) -> 2327000 | U28: BANKING
A29: 24th | B29: 318500 | C29: 136000 | D29: 123000 | E29: 57500 | F29: 188500 | H29: 57000 | I29: 65000 | J29: 12000 | K29: 0 | O29: 0 | R29: 0 | S29: =(B29+C29+D29+E29+F29+G29+H29+I29+J29+K29+M29+N29+O29+P29) -> 957500 | T29: =SUM(B29:R29) -> 957500 | U29: COFEE MACHINE FALTY
A30: 25th | B30: 392000 | C30: 410000 | D30: 150000 | E30: 41000 | F30: 162500 | H30: 157000 | I30: 110000 | J30: 30000 | K30: 0 | O30: 0 | R30: 0 | S30: =(B30+C30+D30+E30+F30+G30+H30+I30+J30+K30+M30+N30+O30+P30) -> 1452500 | T30: =SUM(B30:R30) -> 1452500
A31: 26th | B31: 264000 | C31: 259000 | D31: 201000 | E31: 16500 | F31: 205200 | H31: 139000 | I31: 157300 | J31: 16500 | K31: 0 | O31: 0 | R31: 17000 | S31: =(B31+C31+D31+E31+F31+G31+H31+I31+J31+K31+M31+N31+O31+P31) -> 1258500 | T31: =SUM(B31:R31) -> 1275500
A32: 27th | B32: 297500 | C32: 223000 | D32: 168000 | E32: 21000 | F32: 106700 | H32: 68000 | I32: 71000 | J32: 9000 | K32: 0 | O32: 0 | R32: 0 | S32: =(B32+C32+D32+E32+F32+G32+H32+I32+J32+K32+M32+N32+O32+P32) -> 964200 | T32: =SUM(B32:R32) -> 964200
A33: 28th | B33: 223500 | C33: 45000 | D33: 128000 | E33: 34500 | F33: 108000 | H33: 34000 | I33: 43000 | J33: 0 | K33: 0 | O33: 0 | R33: 26000 | S33: =(B33+C33+D33+E33+F33+G33+H33+I33+J33+K33+M33+N33+O33+P33) -> 616000 | T33: =SUM(B33:R33) -> 642000
A34: 29th | B34: 220500 | C34: 136000 | D34: 124500 | E34: 14000 | F34: 97000 | H34: 42000 | I34: 88500 | J34: 85500 | K34: 0 | O34: 0 | R34: 0 | S34: =(B34+C34+D34+E34+F34+G34+H34+I34+J34+K34+M34+N34+O34+P34) -> 808000 | T34: =SUM(B34:R34) -> 808000
A35: 30th | B35: 225500 | C35: 123000 | D35: 153500 | E35: 57000 | F35: 138500 | G35: 12000 | H35: 237000 | I35: 143500 | J35: 15000 | K35: 0 | O35: 0 | R35: 0 | S35: =(B35+C35+D35+E35+F35+G35+H35+I35+J35+K35+M35+N35+O35+P35) -> 1105000 | T35: =SUM(B35:R35) -> 1105000
A36: 31st | B36: 236000 | C36: 60000 | D36: 141000 | E36: 25000 | F36: 160500 | G36: 12000 | H36: 157000 | I36: 76500 | J36: 13000 | O36: 0 | R36: 0 | S36: =SUM(B36:R36) -> 881000 | T36: 711500
A37: GRAND TOTAL | B37: =SUM(B6:B36) -> 7683000 | C37: =SUM(C6:C36) -> 4305000 | D37: =SUM(D6:D36) -> 3749500 | E37: =SUM(E6:E36) -> 878000 | F37: =SUM(F6:F36) -> 4007800 | G37: =SUM(G6:G36) -> 174000 | H37: =SUM(H6:H36) -> 2507500 | I37: =SUM(I6:I36) -> 2198300 | ... T37: =SUM(T6:T36) -> 43136400

Sheet WEEKLY REPORT AUGUST 2023
B2: TotalEnergies MARKETING UGANDA LIMITED
B3: SHOP WEEKLY REPORT (MTD)
B6: SHOP NAME | C6: TotalEnergies RWIZI
B8: DATE: | C8: 01.08.2023
B9: Product category | C9: Week 1 | D9: week 2 | E9: Week 3 | F9: Week 4 | G9: Week 5 | H9: TOTAL
B10: Non Alcholic | C10: 1636000 | H10: =SUM(C10:G10) -> 1636000
B11: Alcoholic | C11: 888000 | H11: =SUM(C11:G11) -> 888000
B12: Fresh Products | C12: 898500 | H12: =SUM(C12:G12) -> 898500
B13: Ice creams | C13: 258000 | H13: =SUM(C13:G13) -> 258000
B14: Confectionery | C14: 797500 | H14: =SUM(C14:G14) -> 797500
B15: Tobacco | C15: 0 | H15: =SUM(C15:F15) -> 0
B16: Grocery | C16: 427000 | H16: =SUM(C16:G16) -> 427000
B17: Health & beauty | C17: 336000 | H17: =SUM(C17:G17) -> 336000
B18: Bazaar | C18: 63500 | H18: =SUM(C18:G18) -> 63500
B19: Car Care | H19: =SUM(C19:F19) -> 0
B20: Car wash | H20: =SUM(C20:F20) -> 0
B21: Press | H21: =SUM(C21:F21) -> 0
B22: Lottery | H22: =SUM(C22:F22) -> 0
B23: Coffee | C23: 54000 | H23: =SUM(C23:G23) -> 54000
B24: Snacks | H24: =SUM(C24:F24) -> 0
B25: Lubricants in shop | H25: =SUM(C25:F25) -> 0
B26: Guichet unique | H26: =SUM(C26:F26) -> 0
B27: Total | C27: =SUM(C10:C26) -> 5358500 | D27: =SUM(D10:D26) -> 0 | E27: =SUM(E10:E26) -> 0 | F27: =SUM(F10:F26) -> 0 | G27: =SUM(G10:G26) -> 0 | H27: =SUM(H10:H26) -> 5358500
B30: Maintenance Issues & Challenges

Sheet Daily sales for semp
B2: TotalEnergies MARKETING UGANDA LIMITED
B3: SHOP WEEKLY REPORT (MTD)
B4: SHOP NAME | C4: TotalEnergies RWIZI
B5: MONTH | C5: 45170
A6: DATE | B6: Non Alcholic | C6: Alcoholic | D6: Fresh products | E6: Ice cream | F6: Confectionery | G6: Tobacco | H6: Grocery | I6: Health & beauty | J6: Bazaar | K6: Car Care | L6: Car wash | M6: Press | N6: Lottery | O6: Coffee | P6: Snacks | Q6: Lubricants in shop | R6: Guichet | S6: Total T/O (Excluding Airtime, carwash,lubricants in shop) | T6: Global Total
A7: 1st | B7: 120000 | C7: 50000 | D7: 95000 | E7: 30000 | F7: 105000 | G7: 18000 | H7: 52000 | I7: 41000 | J7: 18000 | K7: 0 | O7: 0 | P7: 0 | Q7: 0 | T7: =SUM(B7:S7) -> 529000
A8: 2nd | B8: 278500 | C8: 210000 | D8: 154000 | E8: 26500 | F8: 251000 | G8: 24000 | H8: 182000 | I8: 147000 | J8: 18500 | K8: 0 | T8: =SUM(B8:S8) -> 1291500
A9: 3rd | B9: 189000 | C9: 72000 | D9: 78000 | E9: 25000 | F9: 83700 | G9: 0 | H9: 107000 | I9: 170000 | J9: 0 | K9: 0 | R9: -105000 | T9: =SUM(B9:S9) -> 619700
A10: 4th | B10: 232000 | C10: 77000 | D10: 107500 | E10: 14000 | F10: 122000 | G10: 0 | H10: 42000 | I10: 12500 | J10: 2000 | K10: 0 | R10: 31000 | T10: =SUM(B10:S10) -> 640000
A11: 5th | B11: 134000 | C11: 300000 | D11: 66000 | E11: 8500 | F11: 95000 | G11: 24000 | H11: 81000 | I11: 49500 | J11: 6000 | K11: 0 | R11: 940000 | T11: =SUM(B11:S11) -> 1704000
A12: 6th | B12: 139000 | C12: 157000 | D12: 104500 | E12: 12500 | F12: 134000 | G12: 24000 | H12: 18000 | I12: 20000 | J12: 2000 | K12: 0 | R12: 2437000 | T12: =SUM(B12:S12) -> 3048000
A13: 7th | B13: 147000 | C13: 85000 | D13: 57000 | E13: 9000 | F13: 87000 | G13: 6000 | H13: 50000 | I13: 60000 | J13: 10000 | K13: 0 | T13: =SUM(B13:S13) -> 511000
A14: 8th | B14: 244500 | C14: 78000 | D14: 150500 | E14: 70000 | F14: 132500 | G14: 6000 | H14: 81000 | I14: 60500 | J14: 9000 | K14: 0 | R14: 118000 | T14: =SUM(B14:S14) -> 950000
A15: 9th | B15: 262000 | C15: 207000 | D15: 130000 | E15: 36000 | F15: 152000 | G15: 0 | H15: 80000 | I15: 53000 | J15: 21000 | K15: 0 | R15: -66000 | T15: =SUM(B15:S15) -> 875000
A16: 10th | B16: 200000 | C16: 250000 | D16: 120000 | E16: 41500 | F16: 163500 | G16: 12000 | H16: 105000 | I16: 43500 | J16: 7000 | K16: 0 | R16: 252000 | T16: =SUM(B16:S16) -> 1194500
A17: 11th | B17: 114000 | C17: 300000 | D17: 91000 | E17: 0 | F17: 94000 | G17: 0 | H17: 15000 | I17: 87000 | J17: 0 | K17: 0 | T17: =SUM(B17:S17) -> 701000
A18: 12th | B18: 158500 | C18: 88000 | D18: 81000 | E18: 8500 | F18: 91500 | G18: 0 | H18: 71000 | I18: 15500 | J18: 0 | K18: 0 | R18: -69000 | T18: =SUM(B18:S18) -> 445000 | U18: BANKING
A19: 13th | B19: 176500 | C19: 116000 | D19: 91500 | E19: 24500 | F19: 120500 | G19: 6000 | H19: 44000 | I19: 69500 | J19: 0 | K19: 0 | R19: -3000 | T19: =SUM(B19:S19) -> 645500 | U19: BANKING
A20: 14th | B20: 206000 | C20: 69000 | D20: 93000 | E20: 23000 | F20: 100500 | G20: 12000 | H20: 103000 | I20: 19500 | J20: 11500 | K20: 0 | R20: 7000 | T20: =SUM(B20:S20) -> 644500
A21: 15th | B21: 205500 | C21: 230000 | D21: 78000 | E21: 12500 | F21: 174700 | G21: 6000 | H21: 36000 | I21: 62000 | J21: 20000 | K21: 0 | R21: -9000 | T21: =SUM(B21:S21) -> 815700
A22: 16TH | B22: 258000 | C22: 306000 | D22: 126000 | E22: 17000 | F22: 167500 | G22: 0 | H22: 74500 | I22: 79000 | J22: 5000 | K22: 0 | R22: -201000 | T22: =SUM(B22:S22) -> 832000
A23: 17th | B23: 201000 | C23: 264000 | D23: 133000 | E23: 15000 | F23: 122900 | G23: 12000 | H23: 114000 | I23: 56000 | J23: 5000 | K23: 0 | R23: 200000 | T23: =SUM(B23:S23) -> 1122900 | U23: BANKING
A24: 18th | B24: 192000 | C24: 50000 | D24: 88500 | E24: 7000 | F24: 143000 | G24: 12000 | H24: 124000 | I24: 73000 | J24: 0 | K24: 0 | R24: -5000 | T24: =SUM(B24:S24) -> 684500
A25: 19th | B25: 194000 | C25: 26000 | D25: 37500 | E25: 8000 | F25: 51000 | G25: 0 | H25: 111000 | I25: 87000 | J25: 4000 | K25: 0 | T25: =SUM(B25:S25) -> 518500
A26: 20th | B26: 170000 | C26: 63000 | D26: 73000 | E26: 23500 | F26: 98500 | G26: 0 | H26: 210000 | I26: 35000 | J26: 0 | K26: 0 | T26: =SUM(B26:S26) -> 673000
A27: 21st | B27: 231000 | C27: 83000 | D27: 123000 | E27: 15500 | F27: 156000 | G27: 6000 | H27: 106000 | I27: 80000 | J27: 0 | K27: 0 | T27: =SUM(B27:S27) -> 800500
A28: 22nd | B28: 214000 | C28: 120000 | D28: 77000 | E28: 2500 | F28: 98000 | G28: 0 | H28: 36500 | I28: 66000 | J28: 0 | K28: 0 | T28: =SUM(B28:S28) -> 614000
A29: 23rd | B29: 208000 | C29: 90000 | D29: 85500 | E29: 21500 | F29: 167500 | G29: 0 | H29: 66000 | I29: 32500 | J29: 0 | K29: 0 | T29: =SUM(B29:S29) -> 671000 | U29: BANKING
A30: 24th | B30: 247500 | C30: 41000 | D30: 104500 | E30: 15500 | F30: 117500 | G30: 0 | H30: 67000 | I30: 33000 | J30: 2000 | K30: 0 | T30: =SUM(B30:S30) -> 628000 | U30: COFEE MACHINE FALTY
A31: 25th | B31: 183000 | C31: 68000 | D31: 117500 | E31: 11000 | F31: 116700 | G31: 0 | H31: 44000 | I31: 29000 | J31: 0 | K31: 0 | T31: =SUM(B31:S31) -> 569200
A32: 26th | B32: 120000 | C32: 41000 | D32: 57000 | E32: 4500 | F32: 116000 | G32: 0 | H32: 99500 | I32: 37000 | J32: 0 | K32: 0 | T32: =SUM(B32:S32) -> 475000
A33: 27th | B33: 155000 | C33: 139000 | D33: 49000 | E33: 12000 | F33: 100000 | G33: 0 | H33: 98000 | I33: 42000 | J33: 38000 | K33: 0 | T33: =SUM(B33:S33) -> 633000
A34: 28th | B34: 217000 | C34: 57000 | D34: 109000 | E34: 5000 | F34: 146000 | G34: 0 | H34: 39000 | I34: 20000 | J34: 0 | K34: 0 | T34: =SUM(B34:S34) -> 593000
A35: 29th | B35: 170000 | C35: 185000 | D35: 97000 | E35: 10500 | F35: 164000 | G35: 6000 | H35: 90500 | I35: 76000 | J35: 2000 | K35: 0 | T35: =SUM(B35:S35) -> 801000
A36: 30th | B36: 190500 | C36: 60000 | D36: 96500 | E36: 38500 | F36: 144000 | G36: 0 | H36: 27000 | I36: 52000 | J36: 2000 | K36: 0 | T36: =SUM(B36:S36) -> 610500
A37: 31st
A38: GRAND TOTAL | B38: =SUM(B7:B37) -> 5757500 | C38: =SUM(C7:C37) -> 3882000 | D38: =SUM(D7:D37) -> 2871000 | E38: =SUM(E7:E37) -> 548500 | F38: =SUM(F7:F37) -> 3815500 | G38: =SUM(G7:G37) -> 174000 | H38: =SUM(H7:H37) -> 2374000 | I38: =SUM(I7:I37) -> 1708000 | ... T38: =SUM(T7:T37) -> 24840500

Sheet WEEKLY REPORT SEP 2023
B3: TotalEnergies MARKETING UGANDA LIMITED
B4: SHOP WEEKLY REPORT (MTD)
B7: SHOP NAME | C7: TotalEnergies RWIZI
B9: DATE: | C9: 01.08.2023
B10: Product category | C10: Week 1 | D10: week 2 | E10: Week 3 | F10: Week 4 | G10: Week 5 | H10: TOTAL
B11: Non Alcholic | C11: 587500 | D11: 1358500 | E11: 1118500 | F11: 1657500 | G11: 1035500 | H11: =SUM(C11:G11) -> 5757500
B12: Alcoholic | C12: 332000 | D12: 1154000 | E12: 1373000 | F12: 473000 | G12: 550000 | H12: =SUM(C12:G12) -> 3882000
B13: Fresh Products | C13: 327000 | D13: 735500 | E13: 693500 | F13: 589000 | G13: 526000 | H13: =SUM(C13:G13) -> 2871000
B14: Ice creams | C14: 81500 | D14: 191500 | E14: 100500 | F14: 93500 | G14: 81500 | H14: =SUM(C14:G14) -> 548500
B15: Confectionery | C15: 439700 | D15: 886000 | E15: 871600 | F15: 831500 | G15: 786700 | H15: =SUM(C15:G15) -> 3815500
B16: Tobacco | C16: 42000 | D16: 72000 | E16: 36000 | F16: 18000 | G16: 6000 | H16: =SUM(C16:G16) -> 174000
B17: Grocery | C17: 341000 | D17: 457000 | E17: 457500 | F17: 720500 | G17: 398000 | H17: =SUM(C17:G17) -> 2374000
B18: Health & beauty | C18: 358000 | D18: 299000 | E18: 388500 | F18: 406500 | G18: 256000 | H18: =SUM(C18:G18) -> 1708000
B19: Bazaar | C19: 36500 | D19: 57000 | E19: 41500 | F19: 6000 | G19: 42000 | H19: =SUM(C19:G19) -> 183000
B20: Car Care | H20: =SUM(C20:F20) -> 0
B21: Car wash | H21: =SUM(C21:F21) -> 0
B22: Press | H22: =SUM(C22:F22) -> 0
B23: Lottery | H23: =SUM(C23:F23) -> 0
B24: Coffee | C24: 42000 | D24: 37000 | E24: 84000 | F24: 47000 | G24: 0 | H24: =SUM(C24:G24) -> 210000
B25: Snacks | H25: =SUM(C25:F25) -> 0
B26: Lubricants in shop | H26: =SUM(C26:F26) -> 0
B27: Guichet unique | H27: =SUM(C27:F27) -> 0
B28: Total | C28: =SUM(C11:C27) -> 2587200 | D28: =SUM(D11:D27) -> 5247500 | E28: =SUM(E11:E27) -> 5164600 | F28: =SUM(F11:F27) -> 4842500 | G28: =SUM(G11:G27) -> 3681700 | H28: =SUM(H11:H27) -> 21523500
B31: Maintenance Issues & Challenges

Sheet DAILY SALES OCT 2023
B2: TotalEnergies MARKETING UGANDA LIMITED
B3: SHOP WEEKLY REPORT (MTD)
B4: SHOP NAME | C4: TotalEnergies RWIZI
B5: MONTH | C5: 45200
A6: DATE | B6: Non Alcholic | C6: Alcoholic | D6: Fresh products | E6: Ice cream | F6: Confectionery | G6: Tobacco | H6: Grocery | I6: Health & beauty | J6: Bazaar | K6: Car Care | L6: Car wash | M6: Press | N6: Lottery | O6: Coffee | P6: Snacks | Q6: Lubricants in shop | R6: Guichet | S6: Total T/O (Excluding Airtime, carwash,lubricants in shop) | T6: Global Total
A7: 1st | B7: 104000 | C7: 22000 | D7: 81500 | E7: 12000 | F7: 74500 | H7: 18000 | I7: 0 | J7: 8000 | K7: 0 | O7: 4000 | P7: 0 | Q7: 0 | T7: =SUM(B7:S7) -> 324000
A8: 2nd | B8: 174000 | C8: 47000 | D8: 103000 | E8: 11000 | F8: 149000 | G8: 24000 | H8: 100000 | I8: 60000 | J8: 2000 | K8: 0 | O8: 12000 | T8: =SUM(B8:S8) -> 682000
A9: 3rd | B9: 150000 | C9: 24000 | D9: 107000 | E9: 18000 | F9: 106000 | H9: 53000 | I9: 27500 | J9: 12000 | K9: 0 | O9: 4000 | T9: =SUM(B9:S9) -> 501500
A10: 4th | B10: 150000 | C10: 66000 | D10: 160000 | E10: 22000 | F10: 100000 | H10: 36000 | I10: 29000 | J10: 2000 | K10: 0 | O10: 0 | T10: =SUM(B10:S10) -> 565000
A11: 5th | B11: 166000 | C11: 46000 | D11: 76000 | E11: 24000 | F11: 107000 | G11: 12000 | H11: 37000 | I11: 40500 | J11: 2000 | K11: 0 | O11: 20000 | T11: =SUM(B11:S11) -> 530500
A12: 6th | B12: 305000 | C12: 366000 | D12: 125000 | E12: 22000 | F12: 108000 | H12: 43000 | I12: 63000 | J12: 8000 | K12: 0 | O12: 12000 | T12: =SUM(B12:S12) -> 1052000
A13: 7th | B13: 176000 | C13: 500000 | D13: 88000 | E13: 15000 | F13: 131500 | H13: 170000 | I13: 158500 | J13: 15000 | K13: 0 | O13: 0 | T13: =SUM(B13:S13) -> 1254000
A14: 8th | B14: 210000 | C14: 120000 | D14: 75000 | E14: 8000 | F14: 122000 | H14: 27500 | I14: 12000 | J14: 6000 | K14: 0 | O14: 0 | T14: =SUM(B14:S14) -> 580500
A15: 9th | B15: 152000 | C15: 51000 | D15: 124000 | E15: 20000 | F15: 214000 | H15: 54000 | I15: 28500 | J15: 8500 | K15: 0 | O15: 0 | T15: =SUM(B15:S15) -> 652000
A16: 10th | B16: 172000 | C16: 132000 | D16: 67000 | E16: 15500 | F16: 133000 | G16: 6000 | H16: 63000 | I16: 82000 | K16: 0 | O16: 0 | T16: =SUM(B16:S16) -> 670500
A17: 11th | B17: 87500 | C17: 38000 | D17: 72000 | E17: 0 | F17: 97500 | G17: 6000 | H17: 86000 | I17: 54000 | J17: 1000 | K17: 0 | O17: 16000 | T17: =SUM(B17:S17) -> 458000
A18: 12th | B18: 178500 | C18: 81000 | D18: 116500 | E18: 5000 | F18: 123000 | G18: 36000 | H18: 19000 | I18: 22000 | K18: 0 | O18: 8000 | T18: =SUM(B18:S18) -> 589000
A19: 13th | B19: 183000 | C19: 121000 | D19: 88500 | E19: 15500 | F19: 123500 | H19: 6000 | I19: 20000 | J19: 8000 | K19: 0 | O19: 0 | T19: =SUM(B19:S19) -> 565500
A20: 14th | B20: 206000 | C20: 211000 | D20: 154000 | E20: 7500 | F20: 139000 | H20: 86500 | I20: 90000 | J20: 17000 | K20: 0 | O20: 8000 | T20: =SUM(B20:S20) -> 919000
A21: 15th | B21: 167500 | C21: 83000 | D21: 79000 | E21: 19000 | F21: 118000 | H21: 34500 | I21: 25000 | J21: 13000 | K21: 0 | O21: 0 | T21: =SUM(B21:S21) -> 539000
A22: 16TH | B22: 165500 | C22: 24000 | D22: 93500 | E22: 4500 | F22: 89000 | H22: 38000 | I22: 38500 | J22: 2000 | K22: 0 | O22: 12000 | T22: =SUM(B22:S22) -> 467000
A23: 17th | B23: 232000 | C23: 25000 | D23: 77500 | E23: 6500 | F23: 109500 | H23: 33000 | I23: 63500 | J23: 5000 | K23: 0 | O23: 8000 | T23: =SUM(B23:S23) -> 560000
A24: 18th | B24: 147000 | C24: 40000 | D24: 82000 | E24: 12500 | F24: 103500 | H24: 56000 | I24: 101500 | J24: 2000 | K24: 0 | O24: 0 | T24: =SUM(B24:S24) -> 544500
A25: 19th | B25: 142000 | C25: 46000 | D25: 62000 | E25: 14500 | F25: 115500 | H25: 46000 | I25: 27000 | J25: 4000 | K25: 0 | O25: 9000 | T25: =SUM(B25:S25) -> 466000
A26: 20th | B26: 180000 | C26: 122000 | D26: 102000 | E26: 4000 | F26: 126000 | G26: 12000 | H26: 138000 | I26: 29000 | J26: 13000 | K26: 0 | O26: 0 | T26: =SUM(B26:S26) -> 726000
A27: 21st | B27: 173000 | C27: 102000 | D27: 100000 | E27: 21000 | F27: 95000 | H27: 55000 | I27: 31000 | J27: 4000 | K27: 0 | O27: 4000 | T27: =SUM(B27:S27) -> 585000
A28: 22nd | B28: 239500 | C28: 92000 | D28: 139000 | E28: 21500 | F28: 117000 | H28: 80000 | I28: 50500 | J28: 6000 | K28: 0 | O28: 10000 | T28: =SUM(B28:S28) -> 755500
A29: 23rd | B29: 117000 | C29: 69000 | D29: 98000 | E29: 24000 | F29: 66500 | H29: 95000 | I29: 94500 | J29: 9000 | K29: 0 | O29: 4000 | T29: =SUM(B29:S29) -> 577000
A30: 24th | B30: 144500 | C30: 51000 | D30: 81500 | E30: 8000 | F30: 90000 | H30: 18000 | I30: 44000 | J30: 4000 | K30: 0 | O30: 8000 | T30: =SUM(B30:S30) -> 449000
A31: 25th | B31: 112000 | C31: 84000 | D31: 74000 | E31: 25000 | F31: 35000 | G31: 12000 | H31: 45000 | I31: 21000 | J31: 21000 | K31: 0 | O31: 0 | T31: =SUM(B31:S31) -> 429000
A32: 26th | B32: 104500 | C32: 87000 | D32: 126000 | E32: 7000 | F32: 113500 | H32: 37000 | I32: 31500 | J32: 3000 | K32: 0 | O32: 21000 | T32: =SUM(B32:S32) -> 530500
A33: 27th | B33: 215500 | C33: 98000 | D33: 85000 | E33: 5500 | F33: 221000 | H33: 46000 | I33: 25000 | J33: 30600 | K33: 0 | O33: 1000 | T33: =SUM(B33:S33) -> 727600
A34: 28th | B34: 217500 | C34: 200000 | D34: 165000 | E34: 36500 | F34: 188900 | G34: 12000 | H34: 127500 | I34: 44000 | J34: 9000 | K34: 0 | O34: 21000 | T34: =SUM(B34:S34) -> 1021400
A35: 29th | B35: 244500 | C35: 200000 | D35: 173500 | E35: 26000 | F35: 242500 | G35: 0 | H35: 217500 | I35: 16500 | J35: 8000 | O35: 0 | T35: =SUM(B35:S35) -> 1128500
A36: 30th | B36: 190500 | C36: 68000 | D36: 118500 | E36: 5500 | F36: 132500 | G36: 0 | H36: 71000 | I36: 71000 | J36: 5000 | K36: 0 | O36: 18000 | T36: =SUM(B36:S36) -> 680000
A37: 31st | B37: 165500 | C37: 61000 | D37: 76000 | E37: 0 | F37: 102500 | G37: 0 | H37: 35000 | I37: 37500 | J37: 16000 | O37: 23000 | T37: =SUM(B37:S37) -> 516500
A38: GRAND TOTAL | B38: =SUM(B7:B37) -> 5372000 | C38: =SUM(C7:C37) -> 3277000 | D38: =SUM(D7:D37) -> 3170000 | E38: =SUM(E7:E37) -> 436500 | F38: =SUM(F7:F37) -> 3793900 | G38: =SUM(G7:G37) -> 120000 | H38: =SUM(H7:H37) -> 1971500 | I38: =SUM(I7:I37) -> 1438000 | ... T38: =SUM(T7:T37) -> 20046000

Sheet WEEKLY REPORT OCT  2023 
B3: TotalEnergies MARKETING UGANDA LIMITED
B4: SHOP WEEKLY REPORT (MTD)
B7: SHOP NAME | C7: TotalEnergies RWIZI
B9: DATE: | C9: 01.10.2023
B10: Product category | C10: Week 1 | D10: week 2 | E10: Week 3 | F10: Week 4 | G10: Week 5 | H10: TOTAL
B11: Non Alcholic | C11: 1435000 | D11: 1146500 | E11: 1279000 | F11: 1155500 | G11: 356000 | H11: =SUM(C11:G11) -> 5372000
B12: Alcoholic | C12: 1191000 | D12: 717000 | E12: 451000 | F12: 789000 | G12: 129000 | H12: =SUM(C12:G12) -> 3277000
B13: Fresh Products | C13: 815500 | D13: 701000 | E13: 656000 | F13: 803000 | G13: 194500 | H13: =SUM(C13:G13) -> 3170000
B14: Ice creams | C14: 132000 | D14: 82500 | E14: 84500 | F14: 132000 | G14: 5500 | H14: =SUM(C14:G14) -> 436500
B15: Confectionery | C15: 898000 | D15: 948000 | E15: 755500 | F15: 957400 | G15: 235000 | H15: =SUM(C15:G15) -> 3793900
B16: Tobacco | C16: 36000 | D16: 48000 | E16: 12000 | F16: 24000 | H16: =SUM(C16:G16) -> 120000
B17: Grocery | C17: 484500 | D17: 349000 | E17: 446000 | F17: 586000 | G17: 106000 | H17: =SUM(C17:G17) -> 1971500
B18: Health & beauty | C18: 390500 | D18: 321500 | E18: 341000 | F18: 276500 | G18: 108500 | H18: =SUM(C18:G18) -> 1438000
B19: Bazaar | C19: 55000 | D19: 47500 | E19: 36000 | F19: 84600 | G19: 21000 | H19: =SUM(C19:G19) -> 244100
B20: Car Care | H20: =SUM(C20:F20) -> 0
B21: Car wash | H21: =SUM(C21:F21) -> 0
B22: Press | H22: =SUM(C22:F22) -> 0
B23: Lottery | H23: =SUM(C23:F23) -> 0
B24: Coffee | C24: 52000 | D24: 32000 | E24: 43000 | F24: 51000 | G24: 45000 | H24: =SUM(C24:G24) -> 223000
B25: Snacks | H25: =SUM(C25:F25) -> 0
B26: Lubricants in shop | H26: =SUM(C26:F26) -> 0
B27: Guichet unique | H27: =SUM(C27:F27) -> 0
B28: Total | C28: =SUM(C11:C27) -> 5489500 | D28: =SUM(D11:D27) -> 4393000 | E28: =SUM(E11:E27) -> 4104000 | F28: =SUM(F11:F27) -> 4859000 | G28: =SUM(G11:G27) -> 1200500 | H28: =SUM(H11:H27) -> 20046000
B31: Maintenance Issues & Challenges
B32: DUE TO DAILY HEAVY RAINS THIS HAS AFFECTED SALES BY DROPPING DOWN.

Sheet DAILY SALES NOV 2023
B2: TotalEnergies MARKETING UGANDA LIMITED
B3: SHOP WEEKLY REPORT (MTD)
B4: SHOP NAME | C4: TotalEnergies RWIZI
B5: MONTH | C5: 45231
A6: DATE | B6: Non Alcholic | C6: Alcoholic | D6: Fresh products | E6: Ice cream | F6: Confectionery | G6: Tobacco | H6: Grocery | I6: Health & beauty | J6: Bazaar | K6: Car Care | L6: Car wash | M6: Press | N6: Lottery | O6: Coffee | P6: Snacks | Q6: Lubricants in shop | R6: Guichet | S6: Total T/O (Excluding Airtime, carwash,lubricants in shop) | T6: Global Total
A7: 1st | B7: 215500 | C7: 117000 | D7: 81500 | E7: 3000 | F7: 66000 | G7: 6000 | H7: 24000 | I7: 35500 | J7: 11000 | K7: 0 | O7: 0 | P7: 0 | Q7: 0 | R7: -120000 | T7: =SUM(B7:S7) -> 439500
A8: 2nd | B8: 113000 | C8: 114000 | D8: 74000 | E8: 5500 | F8: 100500 | G8: 0 | H8: 40000 | I8: 11500 | J8: 9500 | K8: 0 | O8: 1000 | R8: 1170000 | T8: =SUM(B8:S8) -> 1639000
A9: 3rd | B9: 154000 | C9: 280000 | D9: 28000 | E9: 0 | F9: 78000 | G9: 0 | H9: 17500 | I9: 11000 | J9: 16000 | K9: 0 | O9: 22000 | R9: 0 | T9: =SUM(B9:S9) -> 606500
A10: 4th | B10: 178000 | C10: 119000 | D10: 116500 | E10: 13000 | F10: 185000 | G10: 0 | H10: 61000 | I10: 65500 | J10: 10000 | K10: 0 | O10: 28000 | R10: -68000 | T10: =SUM(B10:S10) -> 708000
A11: 5th | B11: 185500 | C11: 341000 | D11: 73500 | E11: 21000 | F11: 200500 | G11: 0 | H11: 105000 | I11: 49000 | J11: 7000 | K11: 0 | O11: 7000 | T11: =SUM(B11:S11) -> 989500
A12: 6th | B12: 215000 | C12: 107000 | D12: 79000 | E12: 0 | F12: 19000 | G12: 0 | H12: 18000 | I12: 26000 | J12: 2000 | K12: 0 | O12: 26000 | R12: -744000 | T12: =SUM(B12:S12) -> -252000
A13: 7th | B13: 133500 | C13: 67000 | D13: 53500 | E13: 3000 | F13: 70000 | G13: 12000 | H13: 18000 | I13: 20000 | J13: 4000 | K13: 0 | O13: 5000 | T13: =SUM(B13:S13) -> 386000 | U13: 500000
A14: 8th | B14: 206000 | C14: 149000 | D14: 77000 | E14: 2000 | F14: 82900 | G14: 0 | H14: 28500 | I14: 4500 | J14: 5400 | K14: 0 | O14: 16000 | T14: =SUM(B14:S14) -> 571300
A15: 9th | B15: 234500 | C15: 56000 | D15: 77000 | E15: 20000 | F15: 126500 | G15: 12000 | H15: 54000 | I15: 19000 | J15: 4000 | K15: 0 | O15: 11000 | T15: =SUM(B15:S15) -> 614000
A16: 10th | B16: 191500 | C16: 16000 | D16: 101500 | E16: 18500 | F16: 147500 | G16: 0 | H16: 61800 | I16: 30500 | J16: 8000 | K16: 0 | O16: 18000 | R16: 516000 | T16: =SUM(B16:S16) -> 1109300
A17: 11th | B17: 152500 | C17: 51000 | D17: 106000 | E17: 7000 | F17: 107000 | G17: 0 | H17: 61000 | I17: 55500 | J17: 5000 | K17: 0 | O17: 40000 | R17: 438000 | T17: =SUM(B17:S17) -> 1023000
A18: 12th | B18: 135000 | C18: 60000 | D18: 108500 | E18: 38000 | F18: 131500 | G18: 6000 | H18: 128000 | I18: 54000 | J18: 6000 | K18: 0 | O18: 16000 | R18: 28000 | T18: =SUM(B18:S18) -> 711000
A19: 13th | B19: 123000 | C19: 17000 | D19: 56000 | E19: 16500 | F19: 73000 | G19: 0 | H19: 10000 | I19: 50500 | J19: 11000 | K19: 0 | O19: 18000 | R19: 2000 | T19: =SUM(B19:S19) -> 377000
A20: 14th | B20: 108000 | C20: 106000 | D20: 57000 | E20: 1500 | F20: 51000 | G20: 0 | H20: 12000 | I20: 48300 | J20: 0 | K20: 0 | O20: 10000 | R20: 1020000 | T20: =SUM(B20:S20) -> 1413800
A21: 15th | B21: 137000 | C21: 39000 | D21: 74000 | E21: 4000 | F21: 143000 | G21: 0 | H21: 36000 | I21: 41000 | J21: 10000 | K21: 0 | O21: 20000 | R21: 89000 | T21: =SUM(B21:S21) -> 593000
A22: 16TH | B22: 203000 | C22: 120000 | D22: 130000 | E22: 12000 | F22: 54000 | G22: 0 | H22: 42400 | I22: 10000 | J22: 30000 | K22: 0 | O22: 18000 | R22: 117000 | T22: =SUM(B22:S22) -> 736400
A23: 17th | B23: 229000 | C23: 276000 | D23: 104000 | E23: 4000 | F23: 102000 | G23: 0 | H23: 54000 | I23: 20000 | J23: 7000 | K23: 0 | O23: 64000 | R23: -48000 | T23: =SUM(B23:S23) -> 812000
A24: 18th | B24: 156500 | C24: 285000 | D24: 86000 | E24: 0 | F24: 110500 | G24: 0 | H24: 61000 | I24: 20300 | J24: 6700 | K24: 0 | O24: 18000 | R24: 435000 | T24: =SUM(B24:S24) -> 1179000 | U24: 1900000
A25: 19th | B25: 141500 | C25: 104000 | D25: 61500 | E25: 20500 | F25: 113800 | G25: 0 | H25: 56000 | I25: 33500 | J25: 7000 | K25: 0 | O25: 6000 | R25: 2000 | T25: =SUM(B25:S25) -> 545800 | U25: 435000
A26: 20th | B26: 116000 | C26: 96000 | D26: 86000 | E26: 5500 | F26: 69500 | G26: 0 | H26: 16000 | I26: 33000 | J26: 0 | K26: 0 | O26: 6000 | R26: 11000 | T26: =SUM(B26:S26) -> 439000
A27: 21st | B27: 112000 | C27: 155000 | D27: 64000 | E27: 5000 | F27: 77000 | G27: 60000 | H27: 43000 | I27: 26000 | J27: 4000 | K27: 0 | O27: 24000 | R27: 63000 | T27: =SUM(B27:S27) -> 633000
A28: 22nd | B28: 99500 | C28: 156000 | D28: 89000 | E28: 7500 | F28: 56000 | G28: 0 | H28: 22000 | I28: 70000 | J28: 0 | K28: 0 | O28: 10000 | R28: 63000 | T28: =SUM(B28:S28) -> 573000
A29: 23rd | B29: 99500 | C29: 90000 | D29: 54000 | E29: 1500 | F29: 68800 | G29: 0 | H29: 18000 | I29: 16500 | J29: 0 | K29: 0 | O29: 24000 | T29: =SUM(B29:S29) -> 372300
A30: 24th | B30: 254000 | C30: 112000 | D30: 100000 | E30: 25000 | F30: 164000 | G30: 0 | H30: 28000 | I30: 40000 | J30: 12000 | K30: 0 | O30: 18000 | R30: 836000 | T30: =SUM(B30:S30) -> 1589000
A31: 25th | B31: 242000 | C31: 194000 | D31: 113000 | E31: 17100 | F31: 126000 | G31: 0 | H31: 68000 | I31: 19000 | J31: 9000 | K31: 0 | O31: 48000 | R31: 792000 | T31: =SUM(B31:S31) -> 1628100 | U31: 1710000
A32: 26th | B32: 107500 | C32: 122000 | D32: 83300 | E32: 9000 | F32: 95500 | G32: 66000 | H32: 31000 | I32: 20000 | J32: 6000 | K32: 0 | O32: 22000 | R32: 115000 | T32: =SUM(B32:S32) -> 677300
A33: 27th | B33: 172500 | C33: 72000 | D33: 78500 | E33: 6000 | F33: 95600 | G33: 0 | H33: 12000 | I33: 2000 | J33: 3400 | K33: 0 | O33: 30000 | R33: 1050500 | T33: =SUM(B33:S33) -> 1522500 | U33: 1150000
A34: 28th | B34: 143500 | C34: 106000 | D34: 12000 | E34: 20000 | F34: 205000 | G34: 0 | H34: 68000 | I34: 1000 | J34: 14000 | K34: 0 | O34: 11000 | T34: =SUM(B34:S34) -> 580500 | U34: 107000
A35: 29th | B35: 225000 | C35: 91000 | D35: 77000 | E35: 6000 | F35: 113000 | G35: 12000 | H35: 31000 | I35: 51000 | J35: 0 | O35: 14000 | R35: 42000 | T35: =SUM(B35:S35) -> 662000
A36: 30th | B36: 76500 | C36: 62000 | D36: 74500 | E36: 13000 | F36: 82500 | G36: 0 | H36: 159500 | I36: 20000 | J36: 10000 | K36: 0 | O36: 6000 | R36: 2000 | T36: =SUM(B36:S36) -> 506000
A37: 31st | T37: =SUM(B37:S37) -> 0
A38: GRAND TOTAL | B38: =SUM(B7:B37) -> 4860000 | C38: =SUM(C7:C37) -> 3680000 | D38: =SUM(D7:D37) -> 2375800 | E38: =SUM(E7:E37) -> 305100 | F38: =SUM(F7:F37) -> 3114600 | G38: =SUM(G7:G37) -> 174000 | H38: =SUM(H7:H37) -> 1384700 | I38: =SUM(I7:I37) -> 904100 | ... T38: =SUM(T7:T37) -> 23384800

Sheet WEEKLY REPORT NOV  2023  (2)
B3: TotalEnergies MARKETING UGANDA LIMITED
B4: SHOP WEEKLY REPORT (MTD)
B7: SHOP NAME | C7: TotalEnergies RWIZI
B9: DATE: | C9: 01.11.2023
B10: Product category | C10: Week 1 | D10: week 2 | E10: Week 3 | F10: Week 4 | G10: Week 5 | H10: TOTAL
B11: Non Alcholic | C11: 846000 | D11: 1268000 | E11: 1098000 | F11: 1030500 | G11: 617500 | H11: =SUM(C11:G11) -> 4860000
B12: Alcoholic | C12: 971000 | D12: 506000 | E12: 947000 | F12: 925000 | G12: 331000 | H12: =SUM(C12:G12) -> 3680000
B13: Fresh Products | C13: 373500 | D13: 602500 | E13: 568500 | F13: 589300 | G13: 242000 | H13: =SUM(C13:G13) -> 2375800
B14: Ice creams | C14: 42500 | D14: 88500 | E14: 58500 | F14: 70600 | G14: 45000 | H14: =SUM(C14:G14) -> 305100
B15: Confectionery | C15: 630000 | D15: 684400 | E15: 647300 | F15: 656800 | G15: 496100 | H15: =SUM(C15:G15) -> 3114600
B16: Tobacco | C16: 6000 | D16: 30000 | E16: 0 | F16: 126000 | G16: 12000 | H16: =SUM(C16:G16) -> 174000
B17: Grocery | C17: 247500 | D17: 369300 | E17: 271000 | F17: 226000 | G17: 270500 | H17: =SUM(C17:G17) -> 1384300
B18: Health & beauty | C18: 172500 | D18: 209500 | E18: 223600 | F18: 224500 | G18: 74000 | H18: =SUM(C18:G18) -> 904100
B19: Bazaar | C19: 53500 | D19: 34400 | E19: 71700 | F19: 31000 | G19: 27400 | H19: =SUM(C19:G19) -> 218000
B20: Car Care | H20: =SUM(C20:F20) -> 0
B21: Car wash | H21: =SUM(C21:F21) -> 0
B22: Press | H22: =SUM(C22:F22) -> 0
B23: Lottery | H23: =SUM(C23:F23) -> 0
B24: Coffee | C24: 58000 | D24: 132000 | E24: 154000 | F24: 152000 | G24: 61000 | H24: =SUM(C24:G24) -> 557000
B25: Snacks | H25: =SUM(C25:F25) -> 0
B26: Lubricants in shop | H26: =SUM(C26:F26) -> 0
B27: Guichet unique | H27: =SUM(C27:F27) -> 0
B28: Total | C28: =SUM(C11:C27) -> 3400500 | D28: =SUM(D11:D27) -> 3924600 | E28: =SUM(E11:E27) -> 4039600 | F28: =SUM(F11:F27) -> 4031700 | G28: =SUM(G11:G27) -> 2176500 | H28: =SUM(H11:H27) -> 17572900
B31: Maintenance Issues & Challenges
B32: DUE TO DAILY HEAVY RAINS THIS HAS AFFECTED SALES BY DROPPING DOWN.

Sheet DAILY SALES DEC 2023 
B2: TotalEnergies MARKETING UGANDA LIMITED
B3: SHOP WEEKLY REPORT (MTD)
B4: SHOP NAME | C4: TotalEnergies RWIZI
B5: MONTH | C5: 45261
A6: DATE | B6: Non Alcholic | C6: Alcoholic | D6: Fresh products | E6: Ice cream | F6: Confectionery | G6: Tobacco | H6: Grocery | I6: Health & beauty | J6: Bazaar | K6: Car Care | L6: Car wash | M6: Press | N6: Lottery | O6: Coffee | P6: Snacks | Q6: Lubricants in shop | R6: Guichet | S6: Total T/O (Excluding Airtime, carwash,lubricants in shop) | T6: Global Total
A7: 1st | B7: 310000 | C7: 105000 | D7: 170000 | E7: 10500 | F7: 114500 | G7: 24000 | H7: 35500 | I7: 76000 | J7: 4000 | K7: 0 | O7: 16000 | P7: 0 | Q7: 0 | T7: =SUM(B7:S7) -> 865500
A8: 2nd | B8: 224000 | C8: 268000 | D8: 130500 | E8: 0 | F8: 107500 | H8: 55000 | I8: 19500 | J8: 35000 | K8: 0 | O8: 12000 | T8: =SUM(B8:S8) -> 851500
A9: 3rd | B9: 164000 | C9: 64000 | D9: 80000 | E9: 38000 | F9: 124000 | H9: 57000 | I9: 37000 | K9: 0 | O9: 4000 | T9: =SUM(B9:S9) -> 568000
A10: 4th | B10: 205000 | C10: 43000 | D10: 76500 | E10: 13000 | F10: 144300 | H10: 103000 | I10: 87000 | J10: 12000 | K10: 0 | O10: 27000 | R10: 1203000 | T10: =SUM(B10:S10) -> 1913800
A11: 5th | B11: 139000 | C11: 62000 | D11: 92000 | E11: 18500 | F11: 105500 | H11: 48000 | I11: 14000 | J11: 5000 | K11: 0 | O11: 16000 | R11: 1904000 | T11: =SUM(B11:S11) -> 2404000 | U11: 1610000
A12: 6th | B12: 152000 | C12: 63000 | D12: 46000 | E12: 2000 | F12: 83000 | H12: 38000 | I12: 4000 | K12: 0 | O12: 6000 | R12: -218000 | T12: =SUM(B12:S12) -> 176000
A13: 7th | B13: 249000 | C13: 155000 | D13: 131500 | E13: 13000 | F13: 81000 | H13: 24000 | I13: 113500 | K13: 0 | O13: 4000 | R13: 745000 | T13: =SUM(B13:S13) -> 1516000 | U13: 1500000
A14: 8th | B14: 181500 | C14: 172000 | D14: 160000 | E14: 18000 | F14: 143000 | H14: 53000 | I14: 67000 | J14: 25000 | K14: 0 | R14: 188000 | T14: =SUM(B14:S14) -> 1007500
A15: 9th | B15: 224500 | C15: 110000 | D15: 117000 | E15: 4000 | F15: 137500 | G15: 24000 | H15: 99000 | I15: 99000 | J15: 20000 | K15: 0 | O15: 8000 | R15: 930000 | T15: =SUM(B15:S15) -> 1773000
A16: 10th | B16: 172000 | C16: 66000 | D16: 75500 | E16: 27000 | F16: 134000 | H16: 22000 | I16: 18500 | K16: 0 | O16: 8000 | R16: 477000 | T16: =SUM(B16:S16) -> 1000000 | U16: 1800000
A17: 11th | B17: 289000 | C17: 100000 | D17: 108500 | E17: 9000 | F17: 112000 | H17: 34000 | I17: 32500 | J17: 7000 | K17: 0 | R17: -132000 | T17: =SUM(B17:S17) -> 560000
A18: 12th | B18: 211500 | C18: 24000 | D18: 122400 | E18: 19000 | F18: 107000 | H18: 29000 | I18: 32000 | J18: 3000 | K18: 0 | R18: 2000 | T18: =SUM(B18:S18) -> 549900
A19: 13th | B19: 209500 | C19: 65000 | D19: 89500 | E19: 4500 | F19: 82500 | H19: 56000 | I19: 83500 | J19: 2000 | K19: 0 | R19: 323000 | T19: =SUM(B19:S19) -> 915500
A20: 14th | B20: 237500 | C20: 26000 | D20: 55000 | E20: 2500 | F20: 109100 | G20: 12000 | H20: 30000 | I20: 49000 | J20: 5000 | K20: 0 | O20: 46000 | R20: 20000 | T20: =SUM(B20:S20) -> 592100
A21: 15th | B21: 268000 | C21: 201000 | D21: 113000 | E21: 16500 | F21: 122500 | G21: 12000 | H21: 38000 | I21: 50000 | J21: 6000 | K21: 0 | O21: 12000 | R21: 7000 | T21: =SUM(B21:S21) -> 846000
A22: 16TH | B22: 210000 | C22: 176000 | D22: 126000 | E22: 8000 | F22: 121000 | H22: 92000 | I22: 93000 | J22: 23000 | K22: 0 | O22: 6000 | T22: =SUM(B22:S22) -> 855000
A23: 17th | B23: 277000 | C23: 253000 | D23: 69000 | E23: 8000 | F23: 143000 | G23: 6000 | H23: 65000 | I23: 17000 | J23: 31000 | K23: 0 | O23: 44000 | R23: 420000 | T23: =SUM(B23:S23) -> 1333000
A24: 18th | B24: 221500 | C24: 178000 | D24: 108500 | E24: 26000 | F24: 127000 | G24: 12000 | H24: 103000 | I24: 105000 | J24: 10000 | K24: 0 | O24: 12000 | R24: 30000 | T24: =SUM(B24:S24) -> 933000
A25: 19th | B25: 194500 | C25: 39000 | D25: 140000 | E25: 15000 | F25: 148000 | G25: 6000 | H25: 160000 | I25: 64500 | J25: 45000 | K25: 0 | O25: 6000 | R25: -120000 | T25: =SUM(B25:S25) -> 698000
A26: 20th | B26: 224500 | C26: 107000 | D26: 158000 | E26: 11000 | F26: 131500 | H26: 50000 | I26: 54000 | J26: 22000 | K26: 0 | O26: 6000 | R26: 2783000 | T26: =SUM(B26:S26) -> 3547000 | U26: 2000000
A27: 21st | B27: 223500 | C27: 271000 | D27: 147500 | E27: 32500 | F27: 100000 | H27: 82000 | I27: 118500 | J27: 5000 | K27: 0 | O27: 26000 | R27: -106000 | T27: =SUM(B27:S27) -> 900000
A28: 22nd | B28: 188000 | C28: 68000 | D28: 152000 | E28: 4000 | F28: 171500 | H28: 124500 | I28: 14000 | J28: 36000 | K28: 0 | O28: 30000 | R28: -78000 | T28: =SUM(B28:S28) -> 710000
A29: 23rd | B29: 388000 | C29: 327000 | D29: 243500 | E29: 16500 | F29: 209000 | H29: 229000 | I29: 172000 | J29: 27500 | K29: 0 | O29: 12000 | R29: -630000 | T29: =SUM(B29:S29) -> 994500
A30: 24th | B30: 445500 | C30: 609000 | D30: 238000 | E30: 99000 | F30: 360700 | G30: 6000 | H30: 454000 | I30: 282000 | J30: 32000 | K30: 0 | O30: 36000 | R30: -143500 | T30: =SUM(B30:S30) -> 2418700
A31: 25th | B31: 266000 | C31: 61000 | D31: 112000 | E31: 12500 | F31: 181000 | H31: 155000 | I31: 42500 | J31: 9000 | K31: 0 | O31: 34000 | T31: =SUM(B31:S31) -> 873000
A32: 26th | B32: 314500 | C32: 193000 | D32: 128000 | E32: 24000 | F32: 337000 | G32: 12000 | H32: 56000 | I32: 46500 | J32: 9000 | K32: 0 | O32: 48000 | T32: =SUM(B32:S32) -> 1168000
A33: 27th | B33: 178000 | C33: 171000 | D33: 104000 | E33: 10500 | F33: 184000 | H33: 102000 | I33: 27500 | J33: 8000 | K33: 0 | O33: 44000 | T33: =SUM(B33:S33) -> 829000
A34: 28th | B34: 256000 | C34: 154000 | D34: 152500 | E34: 2000 | F34: 143000 | G34: 12000 | H34: 135000 | I34: 62000 | J34: 2000 | K34: 0 | O34: 32000 | T34: =SUM(B34:S34) -> 950500
A35: 29th | B35: 265000 | C35: 197000 | D35: 209000 | E35: 7000 | F35: 242000 | H35: 136000 | I35: 33000 | J35: 18000 | O35: 11000 | R35: 303000 | T35: =SUM(B35:S35) -> 1421000
A36: 30th | B36: 240500 | C36: 173000 | D36: 127000 | E36: 15000 | F36: 213500 | H36: 52000 | I36: 2000 | J36: 7000 | K36: 0 | O36: 68000 | R36: -82000 | T36: =SUM(B36:S36) -> 816000
A37: 31st | B37: 209000 | C37: 153000 | D37: 83500 | E37: 9500 | F37: 110400 | H37: 7500 | I37: 7000 | J37: 12000 | O37: 47000 | T37: =SUM(B37:S37) -> 638900
A38: GRAND TOTAL | B38: =SUM(B7:B37) -> 7338000 | C38: =SUM(C7:C37) -> 4654000 | D38: =SUM(D7:D37) -> 3865900 | E38: =SUM(E7:E37) -> 496000 | F38: =SUM(F7:F37) -> 4630000 | G38: =SUM(G7:G37) -> 126000 | H38: =SUM(H7:H37) -> 2724500 | I38: =SUM(I7:I37) -> 1923000 | ... T38: =SUM(T7:T37) -> 34624400

Sheet WEEKLY REPORT DEC 2023  
B3: TotalEnergies MARKETING UGANDA LIMITED
B4: SHOP WEEKLY REPORT (MTD)
B7: SHOP NAME | C7: TotalEnergies RWIZI
B9: DATE: | C9: 01.12.2023
B10: Product category | C10: Week 1 | D10: week 2 | E10: Week 3 | F10: Week 4 | G10: Week 5 | H10: TOTAL
B11: Non Alcholic | C11: 1443000 | D11: 1525500 | E11: 1619000 | F11: 2036000 | G11: 712500 | H11: =SUM(C11:G11) -> 7336000
B12: Alcoholic | C12: 760000 | D12: 563000 | E12: 1225000 | F12: 1583000 | G12: 523000 | H12: =SUM(C12:G12) -> 4654000
B13: Fresh Products | C13: 726500 | D13: 727900 | E13: 862000 | F13: 1130000 | G13: 419500 | H13: =SUM(C13:G13) -> 3865900
B14: Ice creams | C14: 95000 | D14: 84000 | E14: 117000 | F14: 173500 | G14: 20700 | H14: =SUM(C14:G14) -> 490200
B15: Confectionery | C15: 760100 | D15: 825100 | E15: 893000 | F15: 1585700 | G15: 565900 | H15: =SUM(C15:G15) -> 4629800
B16: Tobacco | C16: 24000 | D16: 36000 | E16: 36000 | F16: 28000 | G16: 0 | H16: =SUM(C16:G16) -> 124000
B17: Grocery | C17: 360500 | D17: 323000 | E17: 590000 | F17: 1255500 | G17: 195500 | H17: =SUM(C17:G17) -> 2724500
B18: Health & beauty | C18: 351000 | D18: 381500 | E18: 502000 | F18: 646500 | G18: 42000 | H18: =SUM(C18:G18) -> 1923000
B19: Bazaar | C19: 56000 | D19: 62000 | E19: 142000 | F19: 129500 | G19: 37000 | H19: =SUM(C19:G19) -> 426500
B20: Car Care | H20: =SUM(C20:F20) -> 0
B21: Car wash | H21: =SUM(C21:F21) -> 0
B22: Press | H22: =SUM(C22:F22) -> 0
B23: Lottery | H23: =SUM(C23:F23) -> 0
B24: Coffee | C24: 85000 | D24: 62000 | E24: 112000 | F24: 240000 | G24: 126000 | H24: =SUM(C24:G24) -> 625000
B25: Snacks | H25: =SUM(C25:F25) -> 0
B26: Lubricants in shop | H26: =SUM(C26:F26) -> 0
B27: Guichet unique | H27: =SUM(C27:F27) -> 0
B28: Total | C28: =SUM(C11:C27) -> 4661100 | D28: =SUM(D11:D27) -> 4590000 | E28: =SUM(E11:E27) -> 6098000 | F28: =SUM(F11:F27) -> 8807700 | G28: =SUM(G11:G27) -> 2642100 | H28: =SUM(H11:H27) -> 26798900
B31: Maintenance Issues & Challenges
B32: DUE TO some HEAVY RAINS THIS HAS AFFECTED SALES as expeted and also had pump issues.

Sheet DAILY SALES JAN 2024  (2)
B2: TotalEnergies MARKETING UGANDA LIMITED
B3: SHOP WEEKLY REPORT (MTD)
B4: SHOP NAME | C4: TotalEnergies RWIZI
B5: MONTH | C5: 45261
A6: DATE | B6: Non Alcholic | C6: Alcoholic | D6: Fresh products | E6: Ice cream | F6: Confectionery | G6: Tobacco | H6: Grocery | I6: Health & beauty | J6: Bazaar | K6: Car Care | L6: Car wash | M6: Press | N6: Lottery | O6: Coffee | P6: Snacks | Q6: Lubricants in shop | R6: Guichet | S6: Total T/O (Excluding Airtime, carwash,lubricants in shop) | T6: Global Total
A7: 1st | B7: 197000 | C7: 41000 | D7: 100000 | E7: 19000 | F7: 70800 | G7: 12000 | H7: 79000 | I7: 82000 | J7: 7000 | K7: 0 | R7: 185000 | T7: =SUM(B7:S7) -> 792800
A8: 2nd | B8: 290000 | C8: 156000 | D8: 166000 | E8: 10000 | F8: 149500 | G8: 12000 | H8: 6000 | I8: 31000 | J8: 3000 | K8: 0 | O8: 11000 | R8: 931000 | T8: =SUM(B8:S8) -> 1765500
A9: 3rd | B9: 145000 | C9: 46000 | D9: 84000 | E9: 12000 | F9: 86000 | H9: 27000 | I9: 16000 | K9: 0 | O9: 46000 | R9: 743000 | T9: =SUM(B9:S9) -> 1205000
A10: 4th | B10: 159500 | C10: 263000 | D10: 76000 | E10: 31000 | F10: 117300 | G10: 12000 | H10: 55000 | I10: 28000 | J10: 2000 | K10: 0 | O10: 36000 | R10: 652000 | T10: =SUM(B10:S10) -> 1431800 | U10: 2090000 | V10: BANKING
A11: 5th | B11: 183000 | C11: 92000 | D11: 91000 | E11: 4000 | F11: 170000 | H11: 74000 | I11: 114000 | K11: 0 | R11: 2268000 | T11: =SUM(B11:S11) -> 2996000 | U11: 1500000 | V11: BANKING
A12: 6th | B12: 150500 | C12: 157000 | D12: 104500 | E12: 6500 | F12: 46500 | H12: 12000 | I12: 21000 | J12: 12OOO | K12: 0 | O12: 12000 | R12: 1710000 | T12: =SUM(B12:S12) -> 2220000 | U12: 1970000 | V12: BANKING
A13: 7th | B13: 193000 | C13: 45000 | D13: 163500 | E13: 21500 | F13: 94000 | H13: 12000 | I13: 33000 | J13: 17000 | K13: 0 | O13: 12000 | R13: 212000 | T13: =SUM(B13:S13) -> 803000
A14: 8th | B14: 160000 | C14: 121000 | D14: 116500 | E14: 15000 | F14: 81000 | H14: 101500 | I14: 15000 | K14: 0 | R14: 982000 | T14: =SUM(B14:S14) -> 1592000 | U14: 1800000 | V14: BANKING
A15: 9th | B15: 181000 | C15: 65000 | D15: 115000 | E15: 11500 | F15: 125500 | G15: 12000 | H15: 60000 | I15: 89000 | J15: 6000 | K15: 0 | O15: 18000 | R15: -78000 | T15: =SUM(B15:S15) -> 605000
A16: 10th | B16: 159000 | C16: 110000 | D16: 68500 | E16: 2500 | F16: 81000 | H16: 24000 | I16: 57000 | K16: 0 | O16: 17000 | R16: -27500 | T16: =SUM(B16:S16) -> 491500
A17: 11th | B17: 203000 | C17: 89000 | D17: 62500 | E17: 5000 | F17: 43000 | H17: 25500 | I17: 35000 | J17: 3000 | K17: 0 | R17: -530000 | T17: =SUM(B17:S17) -> -64000
A18: 12th | B18: 224500 | C18: 182000 | D18: 155000 | E18: 24000 | F18: 153500 | H18: 51000 | I18: 95000 | J18: 12000 | K18: 0 | O18: 28000 | R18: -440000 | T18: =SUM(B18:S18) -> 485000
A19: 13th | B19: 192500 | C19: 103000 | D19: 103000 | E19: 20500 | F19: 126500 | H19: 48000 | I19: 57500 | J19: 7000 | K19: 0 | O19: 24000 | R19: 192000 | T19: =SUM(B19:S19) -> 874000
A20: 14th | B20: 126000 | C20: 62000 | D20: 60500 | F20: 62500 | H20: 42000 | I20: 1000 | J20: 2000 | K20: 0 | T20: =SUM(B20:S20) -> 356000
A21: 15th | B21: 148000 | C21: 35000 | D21: 94000 | E21: 24500 | F21: 151500 | G21: 12000 | H21: 84000 | I21: 46500 | K21: 0 | O21: 6000 | T21: =SUM(B21:S21) -> 601500
A22: 16TH | B22: 191000 | C22: 93000 | D22: 108000 | E22: 8000 | F22: 69000 | H22: 92000 | I22: 41000 | J22: 3000 | K22: 0 | O22: 11000 | R22: 880000 | T22: =SUM(B22:S22) -> 1496000
A23: 17th | B23: 180000 | C23: 17000 | D23: 64000 | F23: 135000 | H23: 31000 | I23: 71500 | J23: 16000 | K23: 0 | T23: =SUM(B23:S23) -> 514500
A24: 18th | B24: 159000 | C24: 86000 | D24: 44000 | E24: 7000 | F24: 94000 | H24: 24000 | I24: 9000 | K24: 0 | R24: 1761500 | T24: =SUM(B24:S24) -> 2184500
A25: 19th | B25: 173500 | C25: 80000 | D25: 136500 | E25: 3000 | F25: 131000 | H25: 36000 | I25: 60500 | J25: 16000 | K25: 0 | O25: 12000 | R25: 1550000 | T25: =SUM(B25:S25) -> 2198500
A26: 20th | B26: 215000 | C26: 253000 | D26: 92500 | E26: 13000 | F26: 111800 | H26: 20000 | I26: 34000 | J26: 3000 | K26: 0 | O26: 12000 | R26: -458000 | T26: =SUM(B26:S26) -> 296300 | U26: 3400000 | V26: BANKING
A27: 21st | B27: 157000 | C27: 100000 | D27: 60500 | E27: 20000 | F27: 71500 | H27: 45500 | I27: 106000 | J27: 11000 | K27: 0 | O27: 12000 | R27: -108000 | T27: =SUM(B27:S27) -> 475500
A28: 22nd | B28: 157000 | C28: 108000 | D28: 67500 | E28: 20000 | F28: 86000 | H28: 25000 | I28: 7500 | J28: 5000 | K28: 0 | O28: 15000 | T28: =SUM(B28:S28) -> 491000
A29: 23rd | B29: 129000 | C29: 30000 | D29: 94500 | E29: 8000 | F29: 57500 | H29: 42000 | I29: 18000 | J29: 2000 | K29: 0 | T29: =SUM(B29:S29) -> 381000
A30: 24th | B30: 105000 | C30: 92000 | D30: 29000 | E30: 33500 | F30: 66500 | H30: 74000 | I30: 71000 | J30: 1000 | K30: 0 | O30: 18000 | R30: -80000 | T30: =SUM(B30:S30) -> 410000
A31: 25th | B31: 208500 | C31: 788000 | D31: 116000 | E31: 12000 | F31: 137600 | H31: 36000 | I31: 7000 | J31: 3000 | K31: 0 | O31: 80000 | R31: 131000 | T31: =SUM(B31:S31) -> 1519100
A32: 26th | B32: 178800 | C32: 239000 | D32: 58500 | E32: 3000 | F32: 114000 | G32: 12000 | H32: 63000 | I32: 15500 | K32: 0 | O32: 5000 | R32: -37000 | T32: =SUM(B32:S32) -> 651800
A33: 27th | B33: 201000 | C33: 11000 | D33: 80000 | E33: 8500 | F33: 104500 | H33: 16000 | I33: 48000 | J33: 8000 | K33: 0 | O33: 23000 | R33: 37000 | T33: =SUM(B33:S33) -> 537000
A34: 28th | B34: 239500 | C34: 120000 | D34: 97000 | E34: 41500 | F34: 79500 | H34: 73500 | I34: 102500 | J34: 17000 | K34: 0 | O34: 13000 | T34: =SUM(B34:S34) -> 783500
A35: 29th | B35: 162500 | C35: 64000 | D35: 108500 | E35: 19500 | F35: 84000 | G35: 12000 | H35: 53000 | I35: 42000 | R35: 692000 | T35: =SUM(B35:S35) -> 1237500
A36: 30th | B36: 163000 | C36: 58000 | D36: 87500 | E36: 20500 | F36: 108000 | H36: 38000 | I36: 107000 | J36: 3000 | K36: 0 | O36: 3000 | R36: 1249000 | T36: =SUM(B36:S36) -> 1837000 | U36: 1700000
A37: 31st | B37: 219000 | C37: 409000 | D37: 64000 | E37: 12900 | F37: 104000 | G37: 0 | H37: 30000 | I37: 36500 | J37: 5500 | O37: 33000 | T37: =SUM(B37:S37) -> 913900
A38: GRAND TOTAL | B38: =SUM(B7:B37) -> 5550800 | C38: =SUM(C7:C37) -> 4115000 | D38: =SUM(D7:D37) -> 2868000 | E38: =SUM(E7:E37) -> 437400 | F38: =SUM(F7:F37) -> 3112500 | G38: =SUM(G7:G37) -> 84000 | H38: =SUM(H7:H37) -> 1400000 | I38: =SUM(I7:I37) -> 1498000 | ... T38: =SUM(T7:T37) -> 32082200

Sheet WEEKLY REPORT JAN 2024  (2)
B3: TotalEnergies MARKETING UGANDA LIMITED
B4: SHOP WEEKLY REPORT (MTD)
B7: SHOP NAME | C7: TotalEnergies RWIZI
B9: DATE: | C9: 01.12.2023
B10: Product category | C10: Week 1 | D10: week 2 | E10: Week 3 | F10: Week 4 | G10: Week 5 | H10: TOTAL
B11: Non Alcholic | C11: 1318000 | D11: 1246000 | E11: 1223500 | F11: 1218800 | G11: 544500 | H11: =SUM(C11:G11) -> 5550800
B12: Alcoholic | C12: 800000 | D12: 732000 | E12: 664000 | F12: 1388000 | G12: 519000 | H12: =SUM(C12:G12) -> 4103000
B13: Fresh Products | C13: 785000 | D13: 697400 | E13: 599500 | F13: 542500 | G13: 260000 | H13: =SUM(C13:G13) -> 2884400
B14: Ice creams | C14: 104000 | D14: 78500 | E14: 75500 | F14: 126500 | G14: 52500 | H14: =SUM(C14:G14) -> 437000
B15: Confectionery | C15: 734100 | D15: 673000 | E15: 763800 | F15: 645600 | G15: 296400 | H15: =SUM(C15:G15) -> 3112900
B16: Tobacco | C16: 36000 | D16: 12000 | E16: 12000 | F16: 12000 | G16: 12000 | H16: =SUM(C16:G16) -> 84000
B17: Grocery | C17: 265000 | D17: 352000 | E17: 332500 | F17: 325500 | G17: 121000 | H17: =SUM(C17:G17) -> 1396000
B18: Health & beauty | C18: 325000 | D18: 349500 | E18: 368500 | F18: 269500 | G18: 185500 | H18: =SUM(C18:G18) -> 1498000
B19: Bazaar | C19: 29000 | D19: 30000 | E19: 49000 | F19: 36000 | G19: 8500 | H19: =SUM(C19:G19) -> 152500
B20: Car Care | H20: =SUM(C20:F20) -> 0
B21: Car wash | H21: =SUM(C21:F21) -> 0
B22: Press | H22: =SUM(C22:F22) -> 0
B23: Lottery | H23: =SUM(C23:F23) -> 0
B24: Coffee | C24: 117000 | D24: 87000 | E24: 53000 | F24: 154000 | G24: 36000 | H24: =SUM(C24:G24) -> 447000
B25: Snacks | H25: =SUM(C25:F25) -> 0
B26: Lubricants in shop | H26: =SUM(C26:F26) -> 0
B27: Guichet unique | H27: =SUM(C27:F27) -> 0
B28: Total | C28: =SUM(C11:C27) -> 4513100 | D28: =SUM(D11:D27) -> 4257400 | E28: =SUM(E11:E27) -> 4141300 | F28: =SUM(F11:F27) -> 4718400 | G28: =SUM(G11:G27) -> 2035400 | H28: =SUM(H11:H27) -> 19665600
B31: Maintenance Issues & Challenges
B32: DUE TO some HEAVY RAINS THIS HAS AFFECTED SALES as expeted and also had pump issues.

Sheet DAILY SALES FEB 2024  (3)
B2: TotalEnergies MARKETING UGANDA LIMITED
B3: SHOP WEEKLY REPORT (MTD)
B4: SHOP NAME | C4: TotalEnergies RWIZI
B5: MONTH | C5: 44958
A6: DATE | B6: Non Alcholic | C6: Alcoholic | D6: Fresh products | E6: Ice cream | F6: Confectionery | G6: Tobacco | H6: Grocery | I6: Health & beauty | J6: Bazaar | K6: Car Care | L6: Car wash | M6: Press | N6: Lottery | O6: Coffee | P6: Snacks | Q6: Lubricants in shop | R6: Guichet | S6: Total T/O (Excluding Airtime, carwash,lubricants in shop) | T6: Global Total
A7: 1st | B7: 148500 | C7: 95000 | D7: 83000 | E7: 0 | F7: 100500 | G7: 0 | H7: 29000 | I7: 33000 | J7: 31000 | K7: 0 | O7: 7000 | R7: 724000 | T7: =SUM(B7:S7) -> 1251000
A8: 2nd | B8: 156500 | C8: 35000 | D8: 60000 | E8: 5000 | F8: 154000 | G8: 36000 | H8: 29000 | I8: 25000 | J8: 4000 | K8: 0 | R8: 26000 | T8: =SUM(B8:S8) -> 530500
A9: 3rd | B9: 166500 | C9: 73000 | D9: 108000 | E9: 36000 | F9: 105500 | G9: 0 | H9: 77000 | I9: 44000 | J9: 16000 | K9: 0 | O9: 32000 | R9: 0 | T9: =SUM(B9:S9) -> 658000
A10: 4th | B10: 168000 | C10: 140000 | D10: 109000 | E10: 18000 | F10: 130000 | G10: 0 | H10: 96000 | I10: 29000 | J10: 0 | K10: 0 | O10: 11000 | R10: -803000 | T10: =SUM(B10:S10) -> -102000 | U10: 2090000 | V10: BANKING
A11: 5th | B11: 258000 | C11: 0 | D11: 123000 | E11: 7000 | F11: 127400 | G11: 12000 | H11: 24000 | I11: 54000 | J11: 5000 | K11: 0 | O11: 0 | R11: 15000 | T11: =SUM(B11:S11) -> 625400 | U11: 1500000 | V11: BANKING
A12: 6th | B12: 187000 | C12: 79000 | D12: 62000 | E12: 14000 | F12: 134000 | G12: 0 | H12: 17000 | I12: 45000 | J12: 9000 | K12: 0 | O12: 0 | R12: 376000 | T12: =SUM(B12:S12) -> 923000 | U12: 1970000 | V12: BANKING
A13: 7th | B13: 209000 | C13: 54000 | D13: 88500 | E13: 0 | F13: 70000 | G13: 0 | H13: 66000 | I13: 27500 | J13: 8000 | K13: 0 | O13: 0 | R13: 496000 | T13: =SUM(B13:S13) -> 1019000
A14: 8th | B14: 181000 | C14: 65000 | D14: 56000 | E14: 9000 | F14: 40000 | G14: 12000 | H14: 28000 | I14: 21000 | J14: 12000 | K14: 0 | O14: 0 | R14: 37500 | T14: =SUM(B14:S14) -> 461500 | U14: 1800000 | V14: BANKING
A15: 9th | B15: 226000 | C15: 617000 | D15: 88000 | E15: 16000 | F15: 93800 | G15: 12000 | H15: 55000 | I15: 102000 | J15: 0 | K15: 0 | O15: 0 | R15: 284000 | T15: =SUM(B15:S15) -> 1493800
A16: 10th | B16: 195000 | C16: 100000 | D16: 89500 | E16: 6000 | F16: 132000 | G16: 12000 | H16: 58000 | I16: 36500 | J16: 6000 | K16: 0 | O16: 20000 | R16: 0 | T16: =SUM(B16:S16) -> 655000
A17: 11th | B17: 241000 | C17: 65000 | D17: 110500 | E17: 2500 | F17: 102000 | G17: 12000 | H17: 60000 | I17: 65000 | J17: 5000 | K17: 0 | O17: 0 | R17: 0 | T17: =SUM(B17:S17) -> 663000
A18: 12th | B18: 225000 | C18: 21000 | D18: 116000 | E18: 0 | F18: 102000 | G18: 0 | H18: 29500 | I18: 15500 | J18: 0 | K18: 0 | O18: 0 | R18: 66000 | T18: =SUM(B18:S18) -> 575000
A19: 13th | B19: 169000 | C19: 13000 | D19: 126500 | E19: 22500 | F19: 145400 | G19: 0 | H19: 54000 | I19: 41000 | J19: 3000 | K19: 0 | O19: 0 | R19: -307000 | T19: =SUM(B19:S19) -> 267400
A20: 14th | B20: 227500 | C20: 62000 | D20: 97500 | E20: 11000 | F20: 92500 | G20: 0 | H20: 31000 | I20: 105500 | J20: 0 | K20: 0 | O20: 0 | R20: 25000 | T20: =SUM(B20:S20) -> 652000
A21: 15th | B21: 117500 | C21: 40000 | D21: 96500 | E21: 12500 | F21: 92600 | G21: 0 | H21: 40000 | I21: 69000 | J21: 0 | K21: 0 | O21: 12000 | R21: -183000 | T21: =SUM(B21:S21) -> 297100
A22: 16TH | B22: 247000 | C22: 231000 | D22: 109500 | E22: 17500 | F22: 118000 | G22: 0 | H22: 26000 | I22: 38000 | J22: 20000 | K22: 0 | O22: 18000 | R22: -183000 | T22: =SUM(B22:S22) -> 642000
A23: 17th | B23: 153000 | C23: 90000 | D23: 119000 | E23: 18000 | F23: 103000 | G23: 0 | H23: 30000 | I23: 22000 | J23: 0 | K23: 0 | O23: 26000 | R23: 555000 | T23: =SUM(B23:S23) -> 1116000
A24: 18th | B24: 158000 | C24: 42000 | D24: 104500 | E24: 0 | F24: 106500 | G24: 12000 | H24: 81000 | I24: 61000 | J24: 6000 | K24: 0 | O24: 28000 | R24: 106000 | T24: =SUM(B24:S24) -> 705000
A25: 19th | B25: 196000 | C25: 97000 | D25: 91500 | E25: 2000 | F25: 112000 | G25: 24000 | H25: 42000 | I25: 68000 | J25: 8000 | K25: 0 | O25: 0 | R25: 1034000 | T25: =SUM(B25:S25) -> 1674500
A26: 20th | B26: 184000 | C26: 42000 | D26: 73000 | E26: 0 | F26: 131500 | G26: 0 | H26: 61000 | I26: 32000 | J26: 0 | K26: 0 | O26: 21000 | R26: -110000 | T26: =SUM(B26:S26) -> 434500 | U26: 3400000 | V26: BANKING
A27: 21st | B27: 190000 | C27: 66000 | D27: 112000 | E27: 0 | F27: 97000 | G27: 0 | H27: 68000 | I27: 108000 | J27: 11000 | K27: 0 | O27: 0 | R27: -2900000 | T27: =SUM(B27:S27) -> -2248000
A28: 22nd | B28: 249000 | C28: 73000 | D28: 136500 | E28: 16500 | F28: 148000 | G28: 12000 | H28: 24000 | I28: 20500 | J28: 2000 | K28: 0 | O28: 10000 | R28: 35000 | T28: =SUM(B28:S28) -> 726500
A29: 23rd | B29: 225500 | C29: 103000 | D29: 138500 | E29: 7000 | F29: 187500 | G29: 0 | H29: 24000 | I29: 50000 | J29: 2000 | K29: 0 | O29: 11000 | R29: 374000 | T29: =SUM(B29:S29) -> 1122500
A30: 24th | B30: 204500 | C30: 212000 | D30: 157000 | E30: 6000 | F30: 151500 | G30: 0 | H30: 119500 | I30: 120000 | J30: 0 | K30: 0 | O30: 13000 | R30: 1047400 | T30: =SUM(B30:S30) -> 2030900
A31: 25th | B31: 207500 | C31: 106000 | D31: 95000 | E31: 28000 | F31: 90000 | G31: 12000 | H31: 63000 | I31: 52500 | J31: 0 | K31: 0 | O31: 0 | R31: 0 | T31: =SUM(B31:S31) -> 654000
A32: 26th | B32: 158500 | C32: 45000 | D32: 126000 | E32: 17000 | F32: 124500 | G32: 24000 | H32: 49000 | I32: 18000 | J32: 0 | K32: 0 | O32: 12000 | R32: 0 | T32: =SUM(B32:S32) -> 574000
A33: 27th | B33: 143500 | C33: 67000 | D33: 85000 | E33: 0 | F33: 106500 | G33: 12000 | H33: 30000 | I33: 29500 | J33: 0 | K33: 0 | R33: 100000 | T33: =SUM(B33:S33) -> 573500
A34: 28th | B34: 145000 | C34: 35000 | D34: 87500 | E34: 12000 | F34: 143000 | G34: 0 | H34: 63000 | I34: 22000 | J34: 15000 | K34: 0 | O34: 6000 | R34: 120000 | T34: =SUM(B34:S34) -> 648500
A35: 29th | B35: 184500 | C35: 67000 | D35: 63000 | E35: 4500 | F35: 137000 | G35: 0 | H35: 49000 | I35: 39500 | J35: 8000 | O35: 0 | R35: 0 | T35: =SUM(B35:S35) -> 552500
K36: 0 | T36: =SUM(B36:S36) -> 0 | U36: 1700000
T37: =SUM(B37:S37) -> 0
A38: GRAND TOTAL | B38: =SUM(B7:B37) -> 5521500 | C38: =SUM(C7:C37) -> 2735000 | D38: =SUM(D7:D37) -> 2912000 | E38: =SUM(E7:E37) -> 288000 | F38: =SUM(F7:F37) -> 3377700 | G38: =SUM(G7:G37) -> 192000 | H38: =SUM(H7:H37) -> 1423000 | I38: =SUM(I7:I37) -> 1394000 | ... T38: =SUM(T7:T37) -> 19176100

Sheet WEEKLY REPORT FEM 2024  (3)
B3: TotalEnergies MARKETING UGANDA LIMITED
B4: SHOP WEEKLY REPORT (MTD)
B7: SHOP NAME | C7: TotalEnergies RWIZI
B9: DATE: | C9: 01.02.2023 - 29TH.02.2024
B10: Product category | C10: Week 1 | D10: week 2 | E10: Week 3 | F10: Week 4 | G10: Week 5 | H10: TOTAL
B11: Non Alcholic | C11: 1293500 | D11: 1464500 | E11: 1245500 | F11: 1518000 | H11: =SUM(C11:G11) -> 5521500
B12: Alcoholic | C12: 476000 | D12: 943000 | E12: 608000 | F12: 708000 | H12: =SUM(C12:G12) -> 2735000
B13: Fresh Products | C13: 633500 | D13: 684000 | E13: 706000 | F13: 888500 | H13: =SUM(C13:G13) -> 2912000
B14: Ice creams | C14: 80000 | D14: 67000 | E14: 50000 | F14: 91000 | H14: =SUM(C14:G14) -> 288000
B15: Confectionery | C15: 821400 | D15: 707700 | E15: 760600 | F15: 1088000 | H15: =SUM(C15:G15) -> 3377700
B16: Tobacco | C16: 48000 | D16: 48000 | E16: 36000 | F16: 60000 | H16: =SUM(C16:G16) -> 192000
B17: Grocery | C17: 338000 | D17: 315500 | E17: 348000 | F17: 421500 | H17: =SUM(C17:G17) -> 1423000
B18: Health & beauty | C18: 257000 | D18: 387000 | E18: 398000 | F18: 352000 | H18: =SUM(C18:G18) -> 1394000
B19: Bazaar | C19: 73500 | D19: 25500 | E19: 45000 | F19: 27000 | H19: =SUM(C19:G19) -> 171000
B20: Car Care | H20: =SUM(C20:F20) -> 0
B21: Car wash | H21: =SUM(C21:F21) -> 0
B22: Press | H22: =SUM(C22:F22) -> 0
B23: Lottery | H23: =SUM(C23:F23) -> 0
B24: Coffee | C24: 50000 | D24: 20000 | E24: 105000 | F24: 46000 | H24: =SUM(C24:G24) -> 221000
B25: Snacks | H25: =SUM(C25:F25) -> 0
B26: Lubricants in shop | H26: =SUM(C26:F26) -> 0
B27: Guichet unique | H27: =SUM(C27:F27) -> 0
B28: Total | C28: =SUM(C11:C27) -> 4070900 | D28: =SUM(D11:D27) -> 4662200 | E28: =SUM(E11:E27) -> 4302100 | F28: =SUM(F11:F27) -> 5200000 | G28: =SUM(G11:G27) -> 0 | H28: =SUM(H11:H27) -> 18235200
B31: Maintenance Issues & Challenges
B32: DUE TO some HEAVY RAINS THIS HAS AFFECTED SALES as expeted and also had pump issues.
B33: ONE FRIGDE IS FAULTY HENCE AFFECTING FLOW OF DRINKS

Sheet DAILY SALES FOR MARCH
B2: TotalEnergies MARKETING UGANDA LIMITED
B3: SHOP WEEKLY REPORT (MTD)
B4: SHOP NAME | C4: TotalEnergies RWIZI
B5: MONTH | C5: 45352
A6: DATE | B6: Non Alcholic | C6: Alcoholic | D6: Fresh products | E6: Ice cream | F6: Confectionery | G6: Tobacco | H6: Grocery | I6: Health & beauty | J6: Bazaar | K6: Car Care | L6: Car wash | M6: Press | N6: Lottery | O6: Coffee | P6: Snacks | Q6: Lubricants in shop | R6: Guichet | S6: Total T/O (Excluding Airtime, carwash,lubricants in shop) | T6: Global Total
A7: 1st | B7: 172000 | C7: 69000 | D7: 98000 | E7: 51000 | F7: 166000 | G7: 0 | H7: 84000 | I7: 40000 | J7: 46000 | K7: 0 | O7: 0 | R7: -184000 | T7: =SUM(B7:S7) -> 542000 | U7: =SUM(T7) -> 542000
A8: 2nd | B8: 133000 | C8: 140000 | D8: 114000 | E8: 30500 | F8: 119000 | G8: 0 | H8: 79000 | I8: 118500 | J8: 25000 | K8: 0 | O8: 13000 | R8: 0 | T8: =SUM(B8:S8) -> 772000 | U8: =SUM(T8) -> 772000
A9: 3rd | B9: 145500 | C9: 108000 | D9: 92000 | E9: 27000 | F9: 92500 | G9: 0 | H9: 49000 | I9: 32000 | J9: 6000 | K9: 0 | O9: 0 | R9: 0 | T9: =SUM(B9:S9) -> 552000 | U9: =SUM(T9) -> 552000
A10: 4th | B10: =SUM(B7:B9) -> 450500 | C10: =SUM(C7:C9) -> 317000 | D10: =SUM(D7:D9) -> 304000 | E10: =SUM(E7:E9) -> 108500 | F10: =SUM(F7:F9) -> 377500 | G10: =SUM(G7:G9) -> 0 | H10: =SUM(H7:H9) -> 212000 | I10: =SUM(I7:I9) -> 190500 | ... K10: =SUM(K7:K9) -> 0 | O10: =SUM(O7:O9) -> 13000 | R10: =SUM(R7:R9) -> -184000 | T10: =SUM(T7:T9) -> 1866000 | U10: =SUM(T10) -> 1866000
A11: 5th | B11: 167000 | C11: 44000 | D11: 96500 | E11: 0 | F11: 115000 | G11: 0 | H11: 25000 | I11: 68500 | J11: 4000 | K11: 0 | O11: 18000 | R11: 882000 | T11: =SUM(B11:S11) -> 1420000
A12: 6th | B12: 131000 | C12: 315000 | D12: 35000 | E12: 0 | F12: 90000 | G12: 0 | H12: 24000 | I12: 23000 | J12: 0 | K12: 0 | O12: 0 | R12: -115000 | T12: =SUM(B12:S12) -> 503000
A13: 7th | B13: 195500 | C13: 41000 | D13: 113500 | E13: 0 | F13: 98200 | G13: 0 | H13: 23000 | I13: 51000 | J13: 28000 | K13: 0 | O13: 15000 | R13: 102000 | T13: =SUM(B13:S13) -> 667200
A14: 8th | B14: 159000 | C14: 491000 | D14: 116000 | E14: 23000 | F14: 70000 | G14: 12000 | H14: 57000 | I14: 129500 | J14: 4000 | K14: 0 | O14: 10000 | R14: -93000 | T14: =SUM(B14:S14) -> 978500
A15: 9th | B15: 227000 | C15: 106000 | D15: 105000 | E15: 8500 | F15: 85000 | G15: 12000 | H15: 47500 | I15: 75000 | J15: 2000 | K15: 0 | O15: 19000 | R15: 0 | T15: =SUM(B15:S15) -> 687000
A16: 10th | B16: 354000 | C16: 445000 | D16: 252500 | E16: 12500 | F16: 273400 | G16: 12000 | H16: 167000 | I16: 51000 | J16: 7000 | K16: 0 | O16: 5000 | R16: 0 | T16: =SUM(B16:S16) -> 1579400
A17: 11th | B17: 195500 | C17: 128000 | D17: 131000 | E17: 7000 | F17: 118000 | G17: 12000 | H17: 76500 | I17: 0 | J17: 2000 | K17: 0 | O17: 0 | R17: 734000 | T17: =SUM(B17:S17) -> 1404000
A18: 12th | B18: 153000 | C18: 24000 | D18: 103500 | E18: 32500 | F18: 115000 | G18: 0 | H18: 0 | I18: 59500 | J18: 0 | K18: 0 | O18: 0 | R18: 672000 | T18: =SUM(B18:S18) -> 1159500
A19: 13th | B19: 157500 | C19: 68000 | D19: 100500 | E19: 18000 | F19: 109100 | G19: 12000 | H19: 38000 | I19: 55000 | J19: 0 | K19: 0 | O19: 0 | R19: -2000000 | T19: =SUM(B19:S19) -> -1441900
A20: 14th | B20: 175000 | C20: 30000 | D20: 102000 | E20: 25500 | F20: 56700 | G20: 12000 | H20: 52000 | I20: 11000 | J20: 20000 | K20: 0 | O20: 13000 | R20: 52000 | T20: =SUM(B20:S20) -> 549200
A21: 15th | B21: 239000 | C21: 56000 | D21: 150500 | E21: 23000 | F21: 108500 | G21: 0 | H21: 76000 | I21: 43000 | J21: 10000 | K21: 0 | O21: 6000 | R21: 339000 | T21: =SUM(B21:S21) -> 1051000
A22: 16TH | B22: 186000 | C22: 204000 | D22: 111000 | E22: 5000 | F22: 75000 | G22: 12000 | H22: 136000 | I22: 45000 | J22: 12000 | K22: 0 | O22: 0 | R22: 78000 | T22: =SUM(B22:S22) -> 864000
... A34: 28th | B34: 211000 | C34: 133000 | D34: 145000 | E34: 16000 | F34: 187000 | G34: 18000 | H34: 50000 | I34: 14000 | J34: 10000 | K34: 0 | O34: 24000 | R34: 2187000 | T34: =SUM(B34:S34) -> 2995000
A35: 29th | B35: 257000 | C35: 345000 | D35: 160500 | E35: 16000 | F35: 188500 | G35: 12000 | H35: 186000 | I35: 169500 | J35: 2000 | O35: 13000 | R35: 280000 | T35: =SUM(B35:S35) -> 1629500
A36: 30TH | B36: 239000 | C36: 64000 | D36: 156000 | E36: 6500 | F36: 157000 | G36: 0 | H36: 122000 | I36: 59500 | J36: 2000 | K36: 0 | O36: 0 | R36: 48000 | T36: =SUM(B36:S36) -> 854000
A37: 31ST | B37: 103000 | C37: 80000 | D37: 191000 | E37: 14500 | F37: 128500 | G37: 12000 | H37: 86500 | I37: 7500 | J37: 3000 | O37: 20000 | R37: -2600000 | T37: =SUM(B37:S37) -> -1954000
A38: GRAND TOTAL | B38: =SUM(B31:B37) -> 1312000 | C38: =SUM(C31:C37) -> 872000 | D38: =SUM(D31:D37) -> 1015500 | E38: =SUM(E31:E37) -> 89000 | F38: =SUM(F31:F37) -> 930500 | G38: =SUM(G31:G37) -> 66000 | H38: =SUM(H31:H37) -> 543000 | I38: =SUM(I31:I37) -> 306000 | ... K38: =SUM(K31:K37) -> 0 | O38: =SUM(O31:O37) -> 67000 | R38: =SUM(R31:R37) -> -2758000 | T38: =SUM(B38:S38) -> 2468000

Sheet WEEKLY REPORT MARCH 2024  
B3: TotalEnergies MARKETING UGANDA LIMITED
B4: SHOP WEEKLY REPORT (MTD)
B7: SHOP NAME | C7: TotalEnergies RWIZI
B9: DATE: | C9: 01.04.2024 - 31ST.03.2024
B10: Product category | C10: Week 1 | D10: week 2 | E10: Week 3 | F10: Week 4 | G10: Week 5 | H10: TOTAL
B11: Non Alcholic | C11: 450500 | D11: 1361500 | E11: 1255000 | F11: 1517500 | G11: 1312000 | H11: =SUM(C11:G11) -> 5896500
B12: Alcoholic | C12: 317000 | D12: 1521000 | E12: 574000 | F12: 583000 | G12: 872000 | H12: =SUM(C12:G12) -> 3867000
B13: Fresh Products | C13: 304000 | D13: 830000 | E13: 764500 | F13: 801500 | G13: 1015500 | H13: =SUM(C13:G13) -> 3715500
B14: Ice creams | C14: 108500 | D14: 48000 | E14: 111000 | F14: 82500 | G14: 89000 | H14: =SUM(C14:G14) -> 439000
B15: Confectionery | C15: 377500 | D15: 838000 | E15: 670300 | F15: 654500 | G15: 930500 | H15: =SUM(C15:G15) -> 3470800
B16: Tobacco | D16: 36000 | E16: 48000 | F16: 36000 | G16: 66000 | H16: =SUM(C16:G16) -> 186000
B17: Grocery | C17: 212000 | D17: 381500 | E17: 483500 | F17: 520000 | G17: 543000 | H17: =SUM(C17:G17) -> 2140000
B18: Health & beauty | C18: 190500 | D18: 403000 | E18: 218000 | F18: 269000 | G18: 306000 | H18: =SUM(C18:G18) -> 1386500
B19: Bazaar | C19: 77000 | D19: 54000 | E19: 44000 | F19: 27500 | G19: 25000 | H19: =SUM(C19:G19) -> 227500
B20: Car Care | H20: =SUM(C20:F20) -> 0
B21: Car wash | H21: =SUM(C21:F21) -> 0
B22: Press | H22: =SUM(C22:F22) -> 0
B23: Lottery | H23: =SUM(C23:F23) -> 0
B24: Coffee | C24: 13000 | D24: 78000 | E24: 19000 | F24: 53000 | G24: 67000
B25: Snacks | H25: =SUM(C25:F25) -> 0
B26: Lubricants in shop | H26: =SUM(C26:F26) -> 0
B27: Guichet unique | H27: =SUM(C27:F27) -> 0
B28: Total | C28: =SUM(C11:C27) -> 2050000 | D28: =SUM(D11:D27) -> 5551000 | E28: =SUM(E11:E27) -> 4187300 | F28: =SUM(F11:F27) -> 4544500 | G28: =SUM(G11:G27) -> 5226000 | H28: =SUM(H11:H27) -> 21328800
B31: Maintenance Issues & Challenges
B32: DUE TO some HEAVY RAINS THIS HAS AFFECTED SALES as expeted and also had pump issues.
B33: ONE FRIGDE IS FAULTY HENCE AFFECTING FLOW OF DRINKS

Sheet DAILY SALES FOR APRIL 2024 (2)
B2: TotalEnergies MARKETING UGANDA LIMITED
B3: SHOP WEEKLY REPORT (MTD)
B4: SHOP NAME | C4: TotalEnergies RWIZI
B5: MONTH | C5: 45383
A6: DATE | B6: Non Alcholic | C6: Alcoholic | D6: Fresh products | E6: Ice cream | F6: Confectionery | G6: Tobacco | H6: Grocery | I6: Health & beauty | J6: Bazaar | K6: Car Care | L6: Car wash | M6: Press | N6: Lottery | O6: Coffee | P6: Snacks | Q6: Lubricants in shop | R6: Guichet | S6: Total T/O (Excluding Airtime, carwash,lubricants in shop) | T6: Global Total | U6: GUICHEIT BANKINGS
A7: 1st | B7: 249000 | C7: 27000 | D7: 57500 | E7: 30000 | F7: 49000 | G7: 0 | H7: 47500 | I7: 42500 | J7: 2000 | K7: 0 | O7: 0 | R7: 95000 | T7: =SUM(B7:S7) -> 599500
A8: 2nd | B8: 152000 | C8: 30000 | D8: 93000 | E8: 27000 | F8: 78000 | G8: 0 | H8: 22000 | I8: 9000 | J8: 1000 | K8: 0 | O8: 0 | R8: 0 | T8: =SUM(B8:S8) -> 412000
A9: 3rd | B9: 177000 | C9: 85000 | D9: 54000 | E9: 9000 | F9: 35000 | G9: 0 | H9: 18000 | I9: 24000 | J9: 20000 | K9: 0 | O9: 0 | R9: 0 | T9: =SUM(B9:S9) -> 422000
A10: 4th | B10: 135000 | C10: 126000 | D10: 114500 | E10: 3500 | F10: 98000 | G10: 24000 | H10: 24000 | I10: 26000 | J10: 3000 | K10: =SUM(K7:K9) -> 0 | O10: 0 | R10: -57000 | T10: =SUM(B10:S10) -> 497000
A11: 5th | B11: 164000 | C11: 48000 | D11: 95000 | E11: 16000 | F11: 110000 | G11: 0 | H11: 17000 | I11: 56000 | J11: 5000 | K11: 0 | O11: 0 | R11: 0 | T11: =SUM(B11:S11) -> 511000
A12: 6th | B12: 77000 | C12: 63000 | D12: 48000 | E12: 24000 | F12: 84000 | G12: 0 | H12: 78000 | I12: 63000 | J12: 2000 | K12: 0 | O12: 7000 | R12: 21000 | T12: =SUM(B12:S12) -> 467000 | U12: -850000
A13: 7th | B13: 106000 | C13: 98000 | D13: 83000 | E13: 34000 | F13: 147000 | G13: 12000 | H13: 65000 | I13: 75000 | J13: 21000 | K13: 0 | O13: 0 | R13: 0 | T13: =SUM(B13:S13) -> 641000
A14: 8th | B14: 115500 | C14: 94000 | D14: 54000 | E14: 4000 | F14: 107400 | G14: 0 | H14: 46000 | I14: 28000 | J14: 0 | K14: 0 | O14: 11000 | R14: 21000 | T14: =SUM(B14:S14) -> 480900
A15: 9th | B15: 157000 | C15: 22000 | D15: 132500 | E15: 11500 | F15: 161000 | G15: 0 | H15: 92000 | I15: 73000 | J15: 6000 | K15: 0 | O15: 11000 | R15: 0 | T15: =SUM(B15:S15) -> 666000
A16: 10th | B16: 207000 | C16: 102000 | D16: 77500 | E16: 13000 | F16: 64500 | G16: 0 | H16: 59000 | I16: 103000 | J16: 14000 | K16: 0 | O16: 36000 | R16: 463000 | T16: =SUM(B16:S16) -> 1139000
A17: 11th | B17: 144500 | C17: 171000 | D17: 104000 | E17: 11500 | F17: 74000 | G17: 0 | H17: 116000 | I17: 75000 | J17: 4000 | K17: 0 | O17: 19000 | R17: -58000 | T17: =SUM(B17:S17) -> 661000
A18: 12th | B18: 238000 | C18: 335000 | D18: 71000 | E18: 0 | F18: 108000 | G18: 12000 | H18: 18000 | I18: 71000 | J18: 2000 | K18: 0 | O18: 22000 | R18: 225500 | T18: =SUM(B18:S18) -> 1102500
A19: 13th | B19: 231000 | C19: 160000 | D19: 63500 | E19: 9000 | F19: 58000 | G19: 0 | H19: 0 | I19: 48500 | J19: 3000 | K19: 0 | O19: 6000 | R19: -74000 | T19: =SUM(B19:S19) -> 505000
A20: 14th | B20: 160500 | C20: 39000 | D20: 90500 | E20: 20000 | F20: 110000 | G20: 6000 | H20: 62000 | I20: 66000 | J20: 2000 | K20: 0 | O20: 11000 | R20: 2000000 | T20: =SUM(B20:S20) -> 2567000
A21: 15th | B21: 159000 | C21: 49000 | D21: 100500 | E21: 29000 | F21: 118500 | G21: 0 | H21: 76500 | I21: 60000 | J21: 28000 | K21: 0 | O21: 6000 | R21: -1108000 | T21: =SUM(B21:S21) -> -481500
A22: 16TH | B22: 130000 | C22: 57000 | D22: 125500 | E22: 11000 | F22: 58500 | G22: 12000 | H22: 49000 | I22: 43000 | J22: 4000 | K22: 0 | O22: 0 | R22: 467000 | T22: =SUM(B22:S22) -> 957000
A23: 17th | B23: 166500 | C23: 44000 | D23: 134000 | E23: 13000 | F23: 133000 | G23: 0 | H23: 18000 | I23: 31500 | J23: 6000 | K23: 0 | O23: 13000 | R23: 257000 | T23: =SUM(B23:S23) -> 816000
A24: 18th | B24: 102500 | C24: 152000 | D24: 100500 | E24: 0 | F24: 110000 | G24: 0 | H24: 12000 | I24: 40000 | J24: 20000 | K24: 0 | O24: 0 | R24: 1491000 | T24: =SUM(B24:S24) -> 2028000 | U24: -
A25: 19th | B25: 173000 | C25: 229000 | D25: 107000 | E25: 11000 | F25: 124000 | G25: 0 | H25: 63000 | I25: 38500 | J25: 13000 | K25: 0 | O25: 12000 | R25: 10000 | T25: =SUM(B25:S25) -> 780500
A26: 20th | B26: 188500 | C26: 118000 | D26: 112000 | E26: 11000 | F26: 115000 | G26: 0 | H26: 50000 | I26: 21000 | J26: 4000 | K26: 0 | O26: 6000 | R26: 322000 | T26: =SUM(B26:S26) -> 947500
A27: 21st | B27: 148500 | C27: 94000 | D27: 37500 | E27: 4000 | F27: 83000 | G27: 0 | H27: 50000 | I27: 22000 | J27: 0 | K27: 0 | O27: 0 | R27: -202000 | T27: =SUM(B27:S27) -> 237000 | U27: -3000000
A28: 22nd | B28: 177500 | C28: 189000 | D28: 54500 | E28: 7000 | F28: 47500 | G28: 0 | H28: 76000 | I28: 17500 | J28: 5000 | K28: 0 | O28: 0 | R28: 150000 | T28: =SUM(B28:S28) -> 724000
A29: 23rd | B29: 282500 | C29: 44000 | D29: 84000 | E29: 0 | F29: 61500 | G29: 0 | H29: 85000 | I29: 36000 | J29: 2000 | K29: 0 | O29: 5000 | R29: -60000 | T29: =SUM(B29:S29) -> 540000
A30: 24th | B30: 154000 | C30: 86000 | D30: 57000 | E30: 14000 | F30: 47000 | G30: 0 | H30: 31000 | I30: 31000 | J30: 5000 | K30: 0 | O30: 7000 | R30: 1075000 | T30: =SUM(B30:S30) -> 1507000
A31: 25th | B31: 159500 | C31: 36000 | D31: 56000 | E31: 14000 | F31: 82000 | G31: 0 | H31: 41000 | I31: 13000 | J31: 0 | K31: 0 | O31: 24000 | R31: 1297000 | T31: =SUM(B31:S31) -> 1722500 | U31: -2375000
A32: 26th | B32: 220500 | C32: 330000 | D32: 95000 | E32: 16000 | F32: 187000 | G32: 12000 | H32: 76000 | I32: 50500 | J32: 24000 | K32: 0 | O32: 16000 | R32: 213000 | T32: =SUM(B32:S32) -> 1240000
A33: 27th | B33: 279000 | C33: 100000 | D33: 106000 | E33: 11000 | F33: 81500 | G33: 0 | H33: 30000 | I33: 16000 | J33: 7500 | K33: 0 | O33: 0 | R33: 1014000 | T33: =SUM(B33:S33) -> 1645000
A34: 28th | B34: 115500 | C34: 88000 | D34: 41500 | E34: 13500 | F34: 54000 | G34: 0 | H34: 32000 | I34: 12000 | J34: 23500 | K34: 0 | O34: 0 | R34: 0 | T34: =SUM(B34:S34) -> 380000
A35: 29th | B35: 123000 | C35: 83000 | D35: 72000 | E35: 3000 | F35: 132000 | G35: 24000 | H35: 79000 | I35: 33500 | J35: 3000 | O35: 6000 | R35: 347000 | T35: =SUM(B35:S35) -> 905500 | U35: -1600000
A36: 30TH | B36: 124500 | C36: 41000 | D36: 87000 | E36: 2500 | F36: 88000 | G36: 0 | H36: 40000 | I36: 126000 | J36: 2000 | K36: 0 | R36: 684000 | T36: =SUM(B36:S36) -> 1195000
A37: 31ST | T37: =SUM(B37:S37) -> 0
A38: GRAND TOTAL | B38: =SUM(B7:B37) -> 5017500 | C38: =SUM(C7:C37) -> 3140000 | D38: =SUM(D7:D37) -> 2508000 | E38: =SUM(E7:E37) -> 372500 | F38: =SUM(F7:F37) -> 2806400 | G38: =SUM(G7:G37) -> 102000 | H38: =SUM(H7:H37) -> 1473000 | I38: =SUM(I7:I37) -> 1351500 | J38: =SUM(J7:J37) -> 232000 | K38: =SUM(B38:J38) -> 17002900 | O38: =SUM(O7:O37) -> 218000 | R38: =SUM(R7:R37) -> 8593500 | T38: =SUM(T7:T37) -> 25814400 | U38: =SUM(U7:U37) -> -7825000

Sheet WEEKLY REPORT APRIL 2024   (2)
B3: TotalEnergies MARKETING UGANDA LIMITED
B4: SHOP WEEKLY REPORT (MTD)
B7: SHOP NAME | C7: TotalEnergies RWIZI
B9: DATE: | C9: 01.04.2024 - 30.04.2024
B10: Product category | C10: Week 1 | D10: week 2 | E10: Week 3 | F10: Week 4 | G10: Week 5 | H10: TOTAL
B11: Non Alcholic | C11: 1060000 | D11: 1253500 | E11: 1068000 | F11: 1388500 | G11: 247500 | H11: =SUM(C11:G11) -> 5017500
B12: Alcoholic | C12: 471000 | D12: 923000 | E12: 743000 | F12: 873000 | G12: 124000 | H12: =SUM(C12:G12) -> 3134000
B13: Fresh Products | C13: 545000 | D13: 593000 | E13: 717000 | F13: 494000 | G13: 159000 | H13: =SUM(C13:G13) -> 2508000
B14: Ice creams | C14: 143000 | D14: 69000 | E14: 79000 | F14: 75500 | G14: 5500 | H14: =SUM(C14:G14) -> 372000
B15: Confectionery | C15: 601000 | D15: 682900 | E15: 742000 | F15: 567000 | G15: 220000 | H15: =SUM(C15:G15) -> 2812900
B16: Tobacco | C16: 36000 | D16: 18000 | E16: 12000 | F16: 12000 | G16: 24000 | H16: =SUM(C16:G16) -> 102000
B17: Grocery | C17: 271500 | D17: 393000 | E17: 318500 | F17: 371000 | G17: 119000 | H17: =SUM(C17:G17) -> 1473000
B18: Health & beauty | C18: 295500 | D18: 464500 | E18: 256000 | F18: 176000 | G18: 159500 | H18: =SUM(C18:G18) -> 1351500
B19: Bazaar | C19: 54000 | D19: 31000 | E19: 75000 | F19: 67000 | G19: 5000 | H19: =SUM(C19:G19) -> 232000
B20: Car Care | H20: =SUM(C20:F20) -> 0
B21: Car wash | H21: =SUM(C21:F21) -> 0
B22: Press | H22: =SUM(C22:F22) -> 0
B23: Lottery | H23: =SUM(C23:F23) -> 0
B24: Coffee | C24: 7000 | D24: 116000 | E24: 37000 | F24: 52000 | G24: 6000 | H24: 218000
B25: Snacks | H25: =SUM(C25:F25) -> 0
B26: Lubricants in shop | H26: =SUM(C26:F26) -> 0
B27: Guichet unique | H27: =SUM(C27:F27) -> 0
B28: Total | C28: =SUM(C11:C27) -> 3484000 | D28: =SUM(D11:D27) -> 4543900 | E28: =SUM(E11:E27) -> 4047500 | F28: =SUM(F11:F27) -> 4076000 | G28: =SUM(G11:G27) -> 1069500 | H28: =SUM(H11:H27) -> 17220900
B31: Maintenance Issues & Challenges
B32: 1. We are having achallege of suppliers most of them not issuing efris delivery invoices yet they required to enable us stock in using Efris though we are handling slow slowly.
B35: 2. shops sales move hand in hand with fuel but this months I had challeges On varoius days where pms reaches 5000 ltrs left in TANK and pumps cannotpump it out .but this was reported and hope they are looking for the solution.

Sheet DAILY SALES FOR MAY.2024
B2: TotalEnergies MARKETING UGANDA LIMITED
B3: SHOP WEEKLY REPORT (MTD)
B4: SHOP NAME | C4: TotalEnergies RWIZI
B5: MONTH | C5: 45413
A6: DATE | B6: Non Alcholic | C6: Alcoholic | D6: Fresh products | E6: Ice cream | F6: Confectionery | G6: Tobacco | H6: Grocery | I6: Health & beauty | J6: Bazaar | K6: Car Care | L6: Car wash | M6: Press | N6: Lottery | O6: Coffee | P6: Snacks | Q6: Lubricants in shop | R6: Guichet | S6: Total T/O (Excluding Airtime, carwash,lubricants in shop) | T6: Global Total | U6: GUICHEIT BANKINGS
A7: 1st | B7: 151500 | C7: 8000 | D7: 79500 | E7: 37000 | F7: 130000 | G7: 12000 | H7: 68000 | I7: 71000 | J7: 23000 | O7: 11000 | R7: 1111000 | T7: 591000
A8: 2nd | B8: 171500 | C8: 44000 | D8: 73500 | E8: 14000 | F8: 118500 | G8: 0 | H8: 28000 | I8: 32500 | J8: 20000 | O8: 17000 | R8: 38000 | T8: =SUM(B8:S8) -> 557000
A9: 3rd | B9: 100000 | C9: 44000 | D9: 85500 | E9: 18500 | F9: 73000 | G9: 12000 | H9: 64000 | I9: 61000 | J9: 2000 | O9: 0 | R9: 716000 | T9: =SUM(B9:S9) -> 1176000
A10: 4th | B10: 107000 | C10: 63000 | D10: 125000 | E10: 7000 | F10: 112000 | G10: 0 | H10: 62000 | I10: 10000 | J10: 10000 | O10: 34000 | R10: -278000 | T10: =SUM(B10:S10) -> 252000
A11: 5th | B11: 180500 | C11: 24000 | D11: 49500 | E11: 81500 | F11: 137500 | G11: 0 | H11: 33000 | I11: 12000 | J11: 0 | O11: 0 | R11: -4000 | T11: =SUM(B11:S11) -> 514000
A12: 6th | B12: 227500 | C12: 16000 | D12: 106500 | E12: 0 | F12: 49000 | G12: 0 | H12: 24500 | I12: 32500 | J12: 6500 | O12: 18000 | R12: 189000 | T12: =SUM(B12:S12) -> 669500
A13: 7th | B13: 192500 | C13: 67000 | D13: 74500 | E13: 39000 | F13: 85500 | G13: 0 | H13: 18000 | I13: 58000 | J13: 2000 | O13: 5000 | R13: 2024000 | T13: =SUM(B13:S13) -> 2565500 | U13: 3550000
A14: 8th | B14: 197500 | C14: 122000 | D14: 71500 | E14: 7500 | F14: 85500 | G14: 0 | H14: 33000 | I14: 44500 | J14: 0 | O14: 0 | R14: -55000 | T14: =SUM(B14:S14) -> 506500
A15: 9th | B15: 186500 | C15: 281000 | D15: 94000 | E15: 12000 | F15: 110000 | G15: 0 | H15: 50000 | I15: 5500 | J15: 5000 | O15: 0 | R15: 485000 | T15: =SUM(B15:S15) -> 1229000
A16: 10th | B16: 247500 | C16: 209000 | D16: 62000 | E16: 37000 | F16: 153000 | G16: 0 | H16: 148000 | I16: 58500 | J16: 40000 | O16: 12000 | R16: 1916000 | T16: =SUM(B16:S16) -> 2883000 | U16: 2200000
A17: 11th | B17: 280000 | C17: 273000 | D17: 130000 | E17: 1500 | F17: 92000 | G17: 0 | H17: 18000 | I17: 72500 | J17: 20000 | O17: 5000 | R17: 619000 | T17: =SUM(B17:S17) -> 1511000
A18: 12th | B18: 188000 | C18: 112000 | D18: 93500 | E18: 21000 | F18: 110500 | G18: 0 | H18: 63000 | I18: 79000 | J18: 6000 | O18: 0 | R18: 10000 | T18: =SUM(B18:S18) -> 683000
A19: 13th | B19: 158500 | C19: 83000 | D19: 128000 | E19: 12000 | F19: 111700 | G19: 0 | H19: 51000 | I19: 22000 | J19: 4000 | O19: 0 | R19: -14500 | T19: =SUM(B19:S19) -> 555700
A20: 14th | B20: 156000 | C20: 42000 | D20: 124000 | E20: 0 | F20: 107000 | G20: 12000 | H20: 86000 | I20: 25000 | J20: 0 | O20: 5000 | R20: 1193500 | T20: =SUM(B20:S20) -> 1750500
A21: 15th | B21: 134000 | C21: 261000 | D21: 84500 | E21: 4000 | F21: 86000 | G21: 6000 | H21: 43500 | I21: 40500 | J21: 12000 | O21: 17000 | R21: 1389000 | T21: =SUM(B21:S21) -> 2077500
A22: 16TH | B22: 156000 | C22: 192000 | D22: 130000 | E22: 3500 | F22: 140000 | G22: 0 | H22: 96000 | I22: 3500 | J22: 15000 | O22: 0 | R22: 702000 | T22: =SUM(B22:S22) -> 1438000
A23: 17th | B23: 255000 | C23: 261000 | D23: 125000 | E23: 65000 | F23: 158000 | G23: 0 | H23: 44000 | I23: 67000 | J23: 7000 | O23: 7000 | R23: -34000 | T23: =SUM(B23:S23) -> 955000
A24: 18th | B24: 181000 | C24: 234000 | D24: 124000 | E24: 18500 | F24: 145000 | G24: 12000 | H24: 96000 | I24: 86000 | J24: 12000 | O24: 32000 | T24: =SUM(B24:S24) -> 940500 | U24: 1466000
A25: 19th | B25: 211000 | C25: 60000 | D25: 113000 | E25: 38000 | F25: 122000 | G25: 0 | H25: 112000 | I25: 64000 | J25: 2000 | O25: 30000 | T25: =SUM(B25:S25) -> 752000
A26: 20th | B26: 238000 | C26: 36000 | D26: 78000 | E26: 11500 | F26: 65000 | G26: 0 | H26: 28000 | I26: 6000 | J26: 0 | O26: 0 | T26: =SUM(B26:S26) -> 462500
A27: 21st | B27: 295000 | C27: 36000 | D27: 82000 | E27: 0 | F27: 80000 | G27: 6000 | H27: 22000 | I27: 10000 | J27: 0 | O27: 0 | R27: 792000 | T27: =SUM(B27:S27) -> 1323000
A28: 22nd | B28: 272500 | C28: 345000 | D28: 98000 | E28: 7500 | F28: 107000 | G28: 0 | H28: 28000 | I28: 53000 | J28: 0 | O28: 15000 | R28: -326000 | T28: =SUM(B28:S28) -> 600000
A29: 23rd | B29: 217000 | C29: 36000 | D29: 90000 | E29: 15000 | F29: 106600 | G29: 12000 | H29: 18000 | I29: 28000 | J29: 5000 | O29: 0 | R29: 516000 | T29: =SUM(B29:S29) -> 1043600 | U29: 3410000
A30: 24th | B30: 229000 | C30: 12000 | D30: 75000 | E30: 7000 | F30: 80000 | G30: 0 | H30: 58000 | I30: 25000 | J30: 9000 | O30: 6000 | R30: 20000 | T30: =SUM(B30:S30) -> 521000
A31: 25th | B31: 221000 | C31: 232000 | D31: 141000 | E31: 8000 | F31: 132000 | G31: 60000 | H31: 100000 | I31: 37000 | J31: 14000 | O31: 7000 | T31: =SUM(B31:S31) -> 952000
A32: 26th | B32: 220000 | C32: 81000 | D32: 140000 | E32: 30000 | F32: 143000 | G32: 12000 | H32: 142000 | I32: 119000 | J32: 3000 | O32: 35000 | T32: =SUM(B32:S32) -> 925000
A33: 27th | B33: 229000 | C33: 139000 | D33: 166000 | E33: 0 | F33: 201700 | G33: 0 | H33: 171000 | I33: 118000 | J33: 6000 | O33: 0 | R33: -30000 | T33: =SUM(B33:S33) -> 1000700
A34: 28th | B34: 182000 | C34: 90000 | D34: 142000 | E34: 6000 | F34: 105900 | G34: 0 | H34: 76000 | I34: 52000 | J34: 0 | O34: 11000 | R34: 6000 | T34: =SUM(B34:S34) -> 670900
A35: 29th | B35: 166000 | C35: 80000 | D35: 102000 | E35: 17000 | F35: 123500 | G35: 24000 | H35: 48000 | I35: 60000 | J35: 4000 | O35: 17000 | R35: 1275000 | T35: =SUM(B35:S35) -> 1916500
A36: 30TH | B36: 191000 | C36: 384000 | D36: 91000 | E36: 9000 | F36: 114000 | G36: 0 | H36: 36000 | I36: 22000 | J36: 0 | R36: 188000 | T36: =SUM(B36:S36) -> 1035000
A37: 31ST | B37: 228000 | C37: 289000 | D37: 130000 | E37: 6000 | F37: 147500 | G37: 12000 | H37: 116000 | I37: 60000 | J37: 12000 | R37: 1315000 | T37: =SUM(B37:S37) -> 2315500 | U37: 2810000
A38: GRAND TOTAL | B38: =SUM(B7:B37) -> 6170000 | C38: =SUM(C7:C37) -> 4156000 | D38: =SUM(D7:D37) -> 3208500 | E38: =SUM(E7:E37) -> 534000 | F38: =SUM(F7:F37) -> 3532400 | G38: =SUM(G7:G37) -> 180000 | H38: =SUM(H7:H37) -> 1981000 | I38: =SUM(I7:I37) -> 1435000 | J38: =SUM(J7:J37) -> 239500 | O38: =SUM(O7:O37) -> 284000 | R38: =SUM(R7:R37) -> 13763000 | T38: =SUM(T7:T37) -> 34372400 | U38: =SUM(U7:U37) -> 13436000

Sheet WEEKLY REPORT MAY.2024
A2: DATE: | B2: 01.05.2024 - 31.05.2024
A3: Product category | B3: Week 1 | C3: week 2 | D3: Week 3 | E3: Week 4 | F3: Week 5 | G3: TOTAL
A4: Non Alcholic | B4: 1130500 | C4: 1099500 | D4: 1251500 | E4: 1692500 | F4: 996000 | G4: =SUM(B4:F4) -> 6170000
A5: Alcoholic | B5: 266000 | C5: 997000 | D5: 1133000 | E5: 778000 | F5: 973800 | G5: =SUM(B5:F5) -> 4147800
A6: Fresh Products | B6: 594000 | C6: 451000 | D6: 828500 | E6: 704000 | F6: 631000 | G6: =SUM(B6:F6) -> 3208500
A7: Ice creams | B7: 197000 | C7: 79000 | D7: 141000 | E7: 79000 | F7: 38000 | G7: =SUM(B7:F7) -> 534000
A8: Confectionery | B8: 705500 | C8: 551000 | D8: 869700 | E8: 713600 | F8: 692600 | G8: =SUM(B8:F8) -> 3532400
A9: Tobacco | B9: 24000 | C9: 0 | D9: 30000 | E9: 90000 | F9: 36000 | G9: =SUM(B9:F9) -> 180000
A10: Grocery | B10: 297500 | C10: 312000 | D10: 528500 | E10: 405000 | F10: 447000 | G10: =SUM(B10:F10) -> 1990000
A11: Health & beauty | B11: 277000 | C11: 260000 | D11: 308000 | E11: 278000 | F11: 312000 | G11: =SUM(B11:F11) -> 1435000
A12: Bazaar | B12: 63500 | C12: 71000 | D12: 52000 | E12: 31000 | F12: 24000 | G12: =SUM(B12:F12) -> 241500
A13: Car Care | G13: =SUM(B13:E13) -> 0
A14: Car wash | G14: =SUM(B14:E14) -> 0
A15: Press | G15: =SUM(B15:E15) -> 0
A16: Lottery | G16: =SUM(B16:E16) -> 0
A17: Coffee | B17: 85000 | C17: 17000 | D17: 91000 | E17: 63000 | F17: 28000 | G17: 284000
A18: Snacks | G18: =SUM(B18:E18) -> 0
A19: Lubricants in shop | G19: =SUM(B19:E19) -> 0
A20: Guichet unique | G20: =SUM(B20:E20) -> 0
A21: Total | B21: =SUM(B4:B20) -> 3640000 | C21: =SUM(C4:C20) -> 3837500 | D21: =SUM(D4:D20) -> 5233200 | E21: =SUM(E4:E20) -> 4834100 | F21: =SUM(F4:F20) -> 4178400 | G21: =SUM(G4:G20) -> 21723200
A24: Maintenance Issues & Challenges
A25: 1. We are having achallege of suppliers most of them not issuing efris delivery invoices yet they required to enable us stock in using Efris though we are handling slow slowly.
A28: 2. shops sales move hand in hand with fuel but this months I had challeges On varoius days where pms reaches 5000 ltrs left in TANK and pumps cannotpump it out .but this was reported and hope they are looking for the solution.

Sheet DAILY SALES FOR JUNE.2024 (2)
B2: TotalEnergies MARKETING UGANDA LIMITED
B3: SHOP WEEKLY REPORT (MTD)
B4: SHOP NAME | C4: TotalEnergies RWIZI
B5: MONTH | C5: 45444
A6: DATE | B6: Non Alcholic | C6: Alcoholic | D6: Fresh products | E6: Ice cream | F6: Confectionery | G6: Tobacco | H6: Grocery | I6: Health & beauty | J6: Bazaar | K6: Car Care | L6: Car wash | M6: Press | N6: Lottery | O6: Coffee | P6: Snacks | Q6: Lubricants in shop | R6: Guichet | S6: Total T/O (Excluding Airtime, carwash,lubricants in shop) | T6: Global Total | U6: GUICHEIT BANKINGS
A7: 1st | B7: 155000 | C7: 106000 | D7: 106500 | E7: 4000 | F7: 128500 | G7: 12000 | H7: 88000 | I7: 16000 | J7: 2000 | O7: 17000 | R7: 40000 | T7: =SUM(B7:S7) -> 675000
A8: 2nd | B8: 173500 | C8: 50000 | D8: 115000 | E8: 19000 | F8: 157000 | G8: 12000 | H8: 46000 | I8: 58000 | J8: 7000 | O8: 0 | R8: 0 | T8: =SUM(B8:S8) -> 637500
A9: 3rd | B9: 114000 | C9: 144000 | D9: 58500 | E9: 9000 | F9: 66500 | G9: 12000 | H9: 18000 | I9: 48000 | J9: 2000 | O9: 11000 | R9: 472000 | T9: =SUM(B9:S9) -> 955000
A10: 4th | B10: 254500 | C10: 50000 | D10: 113000 | E10: 3500 | F10: 84000 | G10: 0 | H10: 45000 | I10: 16000 | J10: 9000 | O10: 0 | R10: 65000 | T10: =SUM(B10:S10) -> 640000
A11: 5th | B11: 269500 | C11: 12000 | D11: 108000 | E11: 7000 | F11: 179000 | G11: 0 | H11: 68000 | I11: 22000 | J11: 2000 | O11: 0 | R11: 0 | T11: =SUM(B11:S11) -> 667500
A12: 6th | B12: 349500 | C12: 16000 | D12: 109000 | E12: 33500 | F12: 102700 | G12: 0 | H12: 34000 | I12: 82000 | J12: 52000 | O12: 12000 | R12: 0 | T12: =SUM(B12:S12) -> 790700
A13: 7th | B13: 226500 | C13: 172000 | D13: 121000 | E13: 12500 | F13: 118000 | G13: 0 | H13: 173000 | I13: 57500 | J13: 4500 | O13: 6000 | R13: 486000 | T13: =SUM(B13:S13) -> 1377000
A14: 8th | B14: 277000 | C14: 178000 | D14: 97500 | E14: 0 | F14: 110000 | G14: 0 | H14: 85000 | I14: 38500 | J14: 15000 | O14: 0 | R14: 847000 | T14: =SUM(B14:S14) -> 1648000
A15: 9th | B15: 166000 | C15: 160000 | D15: 138000 | E15: 10500 | F15: 125500 | G15: 0 | H15: 92000 | I15: 92000 | J15: 0 | O15: 33000 | R15: 985000 | T15: =SUM(B15:S15) -> 1802000
A16: 10th | B16: 152500 | C16: 87000 | D16: 101000 | E16: 13000 | F16: 159000 | G16: 0 | H16: 89000 | I16: 33000 | J16: 4000 | O16: 0 | R16: 83000 | T16: =SUM(B16:S16) -> 721500 | U16: 2810000
A17: 11th | B17: 116500 | C17: 143000 | D17: 101500 | E17: 4000 | F17: 88500 | G17: 0 | H17: 121500 | I17: 75000 | J17: 8000 | O17: 0 | R17: 1503500 | T17: =SUM(B17:S17) -> 2161500
A18: 12th | B18: 72000 | C18: 86000 | D18: 80000 | E18: 9500 | F18: 129500 | G18: 0 | H18: 108000 | I18: 47500 | J18: 28000 | O18: 0 | R18: 1763500 | T18: =SUM(B18:S18) -> 2324000
A19: 13th | B19: 194000 | C19: 49000 | D19: 135500 | E19: 15500 | F19: 122000 | G19: 0 | H19: 107000 | I19: 42000 | J19: 0 | O19: 6000 | R19: 1980000 | T19: =SUM(B19:S19) -> 2651000 | U19: 2500000
A20: 14th | B20: 179000 | C20: 209000 | D20: 130000 | E20: 11000 | F20: 128000 | G20: 0 | H20: 99500 | I20: 87500 | J20: 3000 | O20: 9000 | R20: 90000 | T20: =SUM(B20:S20) -> 946000
A21: 15th | B21: 224000 | C21: 70000 | D21: 126000 | E21: 41000 | F21: 112000 | G21: 6000 | H21: 153500 | I21: 111000 | J21: 15000 | O21: 0 | R21: -560000 | T21: =SUM(B21:S21) -> 298500
A22: 16TH | B22: 212500 | C22: 90000 | D22: 93000 | E22: 5000 | F22: 71000 | G22: 0 | H22: 42000 | I22: 43500 | J22: 14000 | O22: 0 | R22: -120000 | T22: =SUM(B22:S22) -> 451000
A23: 17th | B23: 280500 | C23: 102000 | D23: 107000 | E23: 24500 | F23: 120000 | G23: 12000 | H23: 56000 | I23: 55000 | J23: 2000 | O23: 5000 | R23: 61000 | T23: =SUM(B23:S23) -> 825000
A24: 18th | B24: 144000 | C24: 15000 | D24: 178000 | E24: 4000 | F24: 125000 | G24: 12000 | H24: 132000 | I24: 100000 | J24: 7000 | O24: 0 | R24: 819000 | T24: =SUM(B24:S24) -> 1536000
A25: 19th | B25: 244500 | C25: 38000 | D25: 92000 | E25: 5500 | F25: 53000 | G25: 0 | H25: 80000 | I25: 25000 | J25: 35000 | O25: 31000 | R25: 0 | T25: =SUM(B25:S25) -> 604000
A26: 20th | B26: 206500 | C26: 400000 | D26: 82500 | E26: 0 | F26: 105000 | G26: 12000 | H26: 73000 | I26: 6500 | J26: 2000 | O26: 5000 | R26: -105000 | T26: =SUM(B26:S26) -> 787500
A27: 21st | B27: 282500 | C27: 33000 | D27: 86000 | E27: 0 | F27: 78000 | G27: 18000 | H27: 52000 | I27: 46000 | J27: 5000 | O27: 17000 | R27: 0 | T27: =SUM(B27:S27) -> 617500
A28: 22nd | B28: 370000 | C28: 120000 | D28: 108000 | E28: 1500 | F28: 220000 | G28: 12000 | H28: 40000 | I28: 56500 | J28: 2000 | O28: 27000 | R28: 22000 | T28: =SUM(B28:S28) -> 979000
A29: 23rd | B29: 194000 | C29: 56000 | D29: 60000 | E29: 9000 | F29: 75000 | G29: 18000 | H29: 46000 | I29: 57000 | J29: 17000 | O29: 30000 | R29: 0 | T29: =SUM(B29:S29) -> 562000
A30: 24th | B30: 210000 | C30: 34000 | D30: 136000 | E30: 22000 | F30: 163000 | G30: 0 | H30: 166000 | I30: 25000 | J30: 0 | O30: 0 | R30: 149000 | T30: =SUM(B30:S30) -> 905000
A31: 25th | B31: 210000 | C31: 6000 | D31: 146000 | E31: 15500 | F31: 118500 | G31: 12000 | H31: 81500 | I31: 48000 | J31: 0 | O31: 0 | R31: 0 | T31: =SUM(B31:S31) -> 637500
A32: 26th | B32: 188000 | C32: 44000 | D32: 117000 | E32: 6000 | F32: 150000 | G32: 0 | H32: 60000 | I32: 25000 | J32: 10000 | O32: 0 | R32: 0 | T32: =SUM(B32:S32) -> 600000
A33: 27th | B33: 245000 | C33: 108000 | D33: 130500 | E33: 9000 | F33: 117000 | G33: 0 | H33: 122000 | I33: 5000 | O33: 22000 | R33: -49000 | T33: =SUM(B33:S33) -> 709500
A34: 28th | B34: 170000 | C34: 171000 | D34: 130000 | E34: 6000 | F34: 154000 | G34: 0 | H34: 68000 | I34: 35000 | J34: 6000 | O34: 11000 | R34: 52000 | T34: =SUM(B34:S34) -> 803000 | U34: 2770000
A35: 29th | B35: 180000 | C35: 141000 | D35: 119000 | E35: 35000 | F35: 141000 | G35: 0 | H35: 111000 | I35: 26000 | J35: 10000 | O35: 0 | R35: -245000 | T35: =SUM(B35:S35) -> 518000
A36: 30TH | B36: 88000 | C36: 226000 | D36: 57000 | E36: 18500 | F36: 38500 | G36: 12000 | H36: 86000 | I36: 101000 | J36: 4000 | O36: 0 | R36: -124000 | T36: =SUM(B36:S36) -> 507000
A37: 31ST | T37: =SUM(B37:S37) -> 0
A38: GRAND TOTAL | B38: =SUM(B7:B37) -> 6149000 | C38: =SUM(C7:C37) -> 3116000 | D38: =SUM(D7:D37) -> 3282500 | E38: =SUM(E7:E37) -> 354500 | F38: =SUM(F7:F37) -> 3539200 | G38: =SUM(G7:G37) -> 150000 | H38: =SUM(H7:H37) -> 2543000 | I38: =SUM(I7:I37) -> 1480500 | J38: =SUM(J7:J37) -> 265500 | O38: =SUM(O7:O37) -> 242000 | R38: =SUM(R7:R37) -> 8215000 | T38: =SUM(B38:S38) -> 29337200

Sheet WEEKLY REPORT JUNE.2024 (2)
A2: DATE: | B2: 01.06.2024 - 30.06.2024
A3: Product category | B3: Week 1 | C3: week 2 | D3: Week 3 | E3: Week 4 | F3: Week 5 | G3: TOTAL
A4: Non Alcholic | B4: 328500 | C4: 1657000 | D4: 1150500 | E4: 1772000 | F4: 1291000 | G4: =SUM(B4:F4) -> 6199000
A5: Alcoholic | B5: 156000 | C5: 732000 | D5: 734000 | E5: 764000 | F5: 730000 | G5: =SUM(B5:F5) -> 3116000
A6: Fresh Products | B6: 221000 | C6: 745000 | D6: 767000 | E6: 713500 | F6: 835500 | G6: =SUM(B6:F6) -> 3282000
A7: Ice creams | B7: 23000 | C7: 76000 | D7: 99000 | E7: 44500 | F7: 112000 | G7: =SUM(B7:F7) -> 354500
A8: Confectionery | B8: 285500 | C8: 726100 | D8: 810000 | E8: 776000 | F8: 882000 | G8: =SUM(B8:F8) -> 3479600
A9: Tobacco | B9: 24000 | C9: 12000 | D9: 6000 | E9: 84000 | F9: 24000 | G9: =SUM(B9:F9) -> 150000
A10: Grocery | B10: 134000 | C10: 515000 | D10: 720500 | E10: 479000 | F10: 694500 | G10: =SUM(B10:F10) -> 2543000
A11: Health & beauty | B11: 74000 | C11: 356000 | D11: 439500 | E11: 346000 | F11: 265000 | G11: =SUM(B11:F11) -> 1480500
A12: Bazaar | B12: 19000 | C12: 84500 | D12: 72000 | E12: 70000 | F12: 30000 | G12: =SUM(B12:F12) -> 275500
A13: Car Care | G13: =SUM(B13:E13) -> 0
A14: Car wash | G14: =SUM(B14:E14) -> 0
A15: Press | G15: =SUM(B15:E15) -> 0
A16: Lottery | G16: =SUM(B16:E16) -> 0
A17: Coffee | B17: 17000 | C17: 62000 | D17: 15000 | E17: 115000 | F17: 33000 | G17: =SUM(B17:F17) -> 242000
A18: Snacks | G18: =SUM(B18:E18) -> 0
A19: Lubricants in shop | G19: =SUM(B19:E19) -> 0
A20: Guichet unique | G20: =SUM(B20:E20) -> 0
A21: Total | B21: =SUM(B4:B20) -> 1282000 | C21: =SUM(C4:C20) -> 4965600 | D21: =SUM(D4:D20) -> 4813500 | E21: =SUM(E4:E20) -> 5164000 | F21: =SUM(F4:F20) -> 4897000 | G21: =SUM(G4:G20) -> 21122100
A24: Maintenance Issues & Challenges
A25: 1. We are having achallege of suppliers most of them not issuing efris delivery invoices yet they required to enable us stock in using Efris though we are handling slow slowly.
A28: 2. shops sales move hand in hand with fuel but this months I had challeges On varoius days where pms reaches 5000 ltrs left in TANK and pumps cannotpump it out .but this was reported and hope they are looking for the solution.

Sheet DAILY SALES FOR JULY.2024 (3)
B2: TotalEnergies MARKETING UGANDA LIMITED
B3: SHOP WEEKLY REPORT (MTD)
B4: SHOP NAME | C4: TotalEnergies RWIZI
B5: MONTH | C5: 45474
A6: DATE | B6: Non Alcholic | C6: Alcoholic | D6: Fresh products | E6: Ice cream | F6: Confectionery | G6: Tobacco | H6: Grocery | I6: Health & beauty | J6: Bazaar | K6: Car Care | L6: Car wash | M6: Press | N6: Lottery | O6: Coffee | P6: Snacks | Q6: Lubricants in shop | R6: Guichet | S6: Total T/O (Excluding Airtime, carwash,lubricants in shop) | T6: Global Total | U6: GUICHEIT BANKINGS
A7: 1st | B7: 165000 | C7: 20000 | D7: 129500 | E7: 24500 | F7: 168000 | G7: 0 | H7: 152000 | I7: 51000 | J7: 2000 | O7: 0 | R7: 0 | T7: =SUM(B7:S7) -> 712000
A8: 2nd | B8: 279000 | C8: 44000 | D8: 133000 | E8: 36000 | F8: 125500 | G8: 0 | H8: 34000 | I8: 31500 | J8: 2000 | O8: 0 | R8: 0 | T8: =SUM(B8:S8) -> 685000
A9: 3rd | B9: 170000 | C9: 10000 | D9: 86000 | E9: 6000 | F9: 74900 | G9: 0 | H9: 16000 | I9: 24000 | J9: 6000 | O9: 22000 | R9: 357000 | T9: =SUM(B9:S9) -> 771900
A10: 4th | B10: 285500 | C10: 52000 | D10: 75500 | E10: 5000 | F10: 56000 | G10: 12000 | H10: 22000 | I10: 24000 | J10: 23000 | O10: 0 | R10: 0 | T10: =SUM(B10:S10) -> 555000
A11: 5th | B11: 211000 | C11: 108000 | D11: 134500 | E11: 6000 | F11: 140500 | G11: 0 | H11: 140000 | I11: 54500 | J11: 2000 | O11: 11000 | R11: 1001000 | T11: =SUM(B11:S11) -> 1808500
A12: 6th | B12: 233000 | C12: 170000 | D12: 125000 | E12: 5500 | F12: 123500 | G12: 0 | H12: 114000 | I12: 59500 | J12: 3000 | O12: 18000 | R12: 402000 | T12: =SUM(B12:S12) -> 1253500
A13: 7th | B13: 154000 | C13: 54000 | D13: 43000 | E13: 9000 | F13: 108000 | G13: 0 | H13: 130000 | I13: 2000 | J13: 40000 | O13: 0 | R13: 0 | T13: =SUM(B13:S13) -> 540000
A14: 8th | B14: 123000 | C14: 92000 | D14: 91000 | E14: 6500 | F14: 107500 | G14: 0 | H14: 23000 | I14: 9000 | J14: 15000 | O14: 10000 | R14: 372000 | T14: =SUM(B14:S14) -> 849000
A15: 9th | B15: 117000 | C15: 34000 | D15: 119500 | E15: 9000 | F15: 97000 | G15: 0 | H15: 58000 | I15: 55500 | J15: 2000 | O15: 6000 | R15: 603000 | T15: =SUM(B15:S15) -> 1101000
A16: 10th | B16: 181000 | C16: 109000 | D16: 138000 | E16: 1500 | F16: 131000 | G16: 0 | H16: 22000 | I16: 29500 | J16: 0 | O16: 12000 | R16: 752000 | T16: =SUM(B16:S16) -> 1376000
A17: 11th | B17: 145500 | C17: 16000 | D17: 74000 | E17: 6000 | F17: 105000 | G17: 0 | H17: 120000 | I17: 21000 | J17: 0 | O17: 21000 | R17: 0 | T17: =SUM(B17:S17) -> 508500
A18: 12th | B18: 227500 | C18: 112000 | D18: 105000 | E18: 3000 | F18: 101000 | G18: 0 | H18: 76000 | I18: 54500 | J18: 8000 | O18: 0 | R18: 1333000 | T18: =SUM(B18:S18) -> 2020000
... A20: 14th | B20: 328000 | C20: 112000 | D20: 13000 | E20: 5000 | F20: 73500 | G20: 0 | H20: 52000 | I20: 38500 | J20: 8000 | O20: 6000 | R20: 632000 | T20: =SUM(B20:S20) -> 1268000
A21: 15th | B21: 243000 | C21: 124000 | D21: 101000 | E21: 5000 | F21: 84900 | G21: 0 | H21: 15000 | I21: 67500 | J21: 16000 | O21: 0 | R21: 133000 | T21: =SUM(B21:S21) -> 789400 | U21: 4600000
A22: 16TH | B22: 224500 | C22: 40000 | D22: 70000 | E22: 23000 | F22: 42000 | G22: 0 | H22: 52000 | I22: 28000 | J22: 20000 | O22: 0 | R22: 0 | T22: =SUM(B22:S22) -> 499500
A23: 17th | B23: 295500 | C23: 220000 | D23: 101000 | E23: 0 | F23: 36500 | G23: 0 | H23: 76000 | I23: 83500 | J23: 9000 | O23: 0 | R23: 0 | T23: =SUM(B23:S23) -> 821500
A24: 18th | B24: 231000 | C24: 52000 | D24: 78500 | E24: 6000 | F24: 171000 | G24: 0 | H24: 29000 | I24: 28700 | J24: 0 | O24: 0 | R24: 0 | T24: =SUM(B24:S24) -> 596200
A25: 19th | B25: 173000 | C25: 220000 | D25: 52000 | E25: 8500 | F25: 133500 | G25: 0 | H25: 33000 | I25: 9000 | J25: 20000 | O25: 10000 | R25: 0 | T25: =SUM(B25:S25) -> 659000
A26: 20th | B26: 304500 | C26: 163000 | D26: 124500 | E26: 25000 | F26: 106000 | G26: 0 | H26: 78000 | I26: 124000 | J26: 14000 | O26: 4000 | R26: 0 | T26: =SUM(B26:S26) -> 943000
A27: 21st | B27: 129000 | C27: 132000 | D27: 130500 | E27: 14000 | F27: 119500 | G27: 0 | H27: 40000 | I27: 20000 | J27: 5000 | O27: 0 | R27: 0 | T27: =SUM(B27:S27) -> 590000
A28: 22nd | B28: 152000 | C28: 133000 | D28: 102000 | E28: 11500 | F28: 107000 | G28: 0 | H28: 40000 | I28: 6500 | J28: 6000 | O28: 17000 | R28: 0 | T28: =SUM(B28:S28) -> 575000
A29: 23rd | B29: 154000 | C29: 88000 | D29: 64000 | E29: 22500 | F29: 150000 | G29: 0 | H29: 55000 | I29: 25000 | J29: 4000 | O29: 10000 | R29: 0 | T29: =SUM(B29:S29) -> 572500
A30: 24th | B30: 196500 | C30: 105000 | D30: 118000 | E30: 29000 | F30: 148000 | G30: 12000 | H30: 82000 | I30: 27000 | J30: 15000 | O30: 0 | R30: 0 | T30: =SUM(B30:S30) -> 732500
A31: 25th | B31: 220500 | C31: 64000 | D31: 170500 | E31: 7500 | F31: 124000 | G31: 0 | H31: 24000 | I31: 40500 | J31: 22000 | O31: 0 | R31: -193000 | T31: =SUM(B31:S31) -> 480000
A32: 26th | B32: 195500 | C32: 138000 | D32: 111500 | E32: 5000 | F32: 126000 | G32: 6000 | H32: 73000 | I32: 71500 | J32: 6000 | O32: 0 | R32: -128000 | T32: =SUM(B32:S32) -> 604500
A33: 27th | B33: 169000 | C33: 577000 | D33: 206500 | E33: 7500 | F33: 132500 | G33: 0 | H33: 164000 | I33: 100500 | J33: 2000 | O33: 41000 | R33: 317000 | T33: =SUM(B33:S33) -> 1717000
... A37: 31ST | B37: 291500 | C37: 152000 | D37: 86500 | E37: 0 | F37: 130000 | G37: 0 | H37: 24000 | I37: 22000 | J37: 0 | O37: 0 | R37: 12000 | T37: =SUM(B37:S37) -> 718000
A38: GRAND TOTAL | B38: =SUM(B7:B37) -> 6453500 | C38: =SUM(C7:C37) -> 3492000 | D38: =SUM(D7:D37) -> 3368000 | E38: =SUM(E7:E37) -> 317500 | F38: =SUM(F7:F37) -> 3426800 | G38: =SUM(G7:G37) -> 42000 | H38: =SUM(H7:H37) -> 2066000 | I38: =SUM(I7:I37) -> 1282200 | J38: =SUM(J7:J37) -> 269000 | O38: =SUM(O7:O37) -> 206000 | R38: =SUM(R7:R37) -> 5780000 | T38: =SUM(B38:S38) -> 26703000

Sheet WEEKLY REPORT JULY.2024 (3)
A2: DATE: | B2: 01.06.2024 - 30.06.2024
A3: Product category | B3: Week 1 | C3: week 2 | D3: Week 3 | E3: Week 4 | F3: Week 5 | G3: TOTAL
A4: Non Alcholic | B4: 1497500 | C4: 1367000 | D4: 1600500 | E4: 1275500 | F4: 713000 | G4: =SUM(B4:F4) -> 6453500
A5: Alcoholic | B5: 458000 | C5: 548000 | D5: 951000 | E5: 1161000 | F5: 374000 | G5: =SUM(B5:F5) -> 3492000
A6: Fresh Products | B6: 726500 | C6: 801000 | D6: 657500 | E6: 917500 | F6: 265500 | G6: =SUM(B6:F6) -> 3368000
A7: Ice creams | B7: 92000 | C7: 58000 | D7: 81500 | E7: 86000 | F7: 0 | G7: =SUM(B7:F7) -> 317500
A8: Confectionery | B8: 796400 | C8: 791500 | D8: 694100 | E8: 861000 | F8: 284500 | G8: =SUM(B8:F8) -> 3427500
A9: Tobacco | B9: 12000 | C9: 12000 | D9: 0 | E9: 18000 | F9: 0 | G9: =SUM(B9:F9) -> 42000
A10: Grocery | B10: 608000 | C10: 538000 | D10: 323000 | E10: 480000 | F10: 117000 | G10: =SUM(B10:F10) -> 2066000
A11: Health & beauty | B11: 246500 | C11: 316500 | D11: 360000 | E11: 309000 | F11: 49500 | G11: =SUM(B11:F11) -> 1281500
A12: Bazaar | B12: 78000 | C12: 42000 | D12: 84000 | E12: 55000 | F12: 10000 | G12: =SUM(B12:F12) -> 269000
A13: Car Care | G13: =SUM(B13:E13) -> 0
A14: Car wash | G14: =SUM(B14:E14) -> 0
A15: Press | G15: =SUM(B15:E15) -> 0
A16: Lottery | G16: =SUM(B16:E16) -> 0
A17: Coffee | B17: 51000 | C17: 67000 | D17: 14000 | E17: 74000 | G17: =SUM(B17:F17) -> 206000
A18: Snacks | G18: =SUM(B18:E18) -> 0
A19: Lubricants in shop | G19: =SUM(B19:E19) -> 0
A20: Guichet unique | G20: =SUM(B20:E20) -> 0
A21: Total | B21: =SUM(B4:B20) -> 4565900 | C21: =SUM(C4:C20) -> 4541000 | D21: =SUM(D4:D20) -> 4765600 | E21: =SUM(E4:E20) -> 5237000 | F21: =SUM(F4:F20) -> 1813500 | G21: =SUM(G4:G20) -> 20923000
A24: Maintenance Issues & Challenges
A25: 1. We are having achallege of suppliers most of them not issuing efris delivery invoices yet they required to enable us stock in using Efris though we are handling slow slowly.
A28: 2. shops sales move hand in hand with fuel but this months I had challeges On varoius days where pms reaches 5000 ltrs left in TANK and pumps cannotpump it out .but this was reported and hope they are looking for the solution.

Sheet DAILY SALES FOR AUGUST.2024 
B2: TotalEnergies MARKETING UGANDA LIMITED
B3: SHOP WEEKLY REPORT (MTD)
B4: SHOP NAME | C4: TotalEnergies RWIZI
B5: MONTH | C5: 45505
A6: DATE | B6: Non Alcholic | C6: Alcoholic | D6: Fresh products | E6: Ice cream | F6: Confectionery | G6: Tobacco | H6: Grocery | I6: Health & beauty | J6: Bazaar | K6: Car Care | L6: Car wash | M6: Press | N6: Lottery | O6: Coffee | P6: Snacks | Q6: Lubricants in shop | R6: Guichet | S6: Total T/O (Excluding Airtime, carwash,lubricants in shop) | T6: Global Total | U6: GUICHEIT BANKINGS
A7: 1st | B7: 243000 | C7: 245000 | D7: 60500 | E7: 1500 | F7: 54600 | G7: 0 | H7: 18000 | I7: 12000 | J7: 6500 | O7: 0 | R7: 47000 | T7: =SUM(B7:S7) -> 688100
A8: 2nd | B8: 194000 | C8: 153000 | D8: 128000 | E8: 6000 | F8: 64600 | G8: 0 | H8: 53000 | I8: 15000 | O8: 6000 | R8: 0 | T8: =SUM(B8:S8) -> 619600
A9: 3rd | B9: 389500 | C9: 166000 | D9: 105500 | E9: 3000 | F9: 115000 | G9: 0 | H9: 36000 | I9: 10000 | J9: 12000 | O9: 18000 | R9: 0 | T9: =SUM(B9:S9) -> 855000
A10: 4th | B10: 134000 | C10: 68000 | D10: 110500 | E10: 6000 | F10: 192000 | G10: 0 | H10: 94000 | I10: 48000 | J10: 10000 | O10: 0 | R10: 0 | T10: =SUM(B10:S10) -> 662500
A11: 5th | B11: 159000 | C11: 122000 | D11: 150000 | E11: 11000 | F11: 124000 | G11: 30000 | H11: 131000 | I11: 85000 | J11: 2000 | O11: 0 | R11: -267000 | T11: =SUM(B11:S11) -> 547000
A12: 6th | B12: 182500 | C12: 109000 | D12: 122500 | E12: 13500 | F12: 157200 | G12: 0 | H12: 120000 | I12: 82000 | J12: 10000 | O12: 0 | R12: 0 | T12: =SUM(B12:S12) -> 796700
A13: 7th | B13: 138000 | C13: 89000 | D13: 115000 | E13: 11000 | F13: 130000 | G13: 0 | H13: 89000 | I13: 109000 | J13: 12000 | O13: 0 | R13: 5000 | T13: =SUM(B13:S13) -> 698000
A14: 8th | B14: 355500 | C14: 125000 | D14: 70000 | E14: 24000 | F14: 155000 | G14: 0 | H14: 42000 | I14: 10000 | J14: 20000 | O14: 0 | R14: -300000 | T14: =SUM(B14:S14) -> 501500
A15: 9th | B15: 166500 | C15: 68000 | D15: 113000 | E15: 0 | F15: 125000 | G15: 0 | H15: 104000 | I15: 59000 | J15: 5000 | O15: 4000 | R15: 191000 | T15: =SUM(B15:S15) -> 835500
A16: 10th | B16: 184000 | C16: 159000 | D16: 155000 | E16: 3500 | F16: 134500 | G16: 12000 | H16: 66000 | I16: 0 | J16: 8000 | O16: 0 | R16: 251000 | T16: =SUM(B16:S16) -> 973000
A17: 11th | B17: 206500 | C17: 142000 | D17: 106000 | E17: 10000 | F17: 88500 | G17: 0 | H17: 74000 | I17: 44000 | J17: 0 | O17: 0 | R17: -114000 | T17: =SUM(B17:S17) -> 557000
A18: 12th | B18: 239000 | C18: 277000 | D18: 69000 | E18: 0 | F18: 73900 | G18: 0 | H18: 59000 | I18: 0 | J18: 0 | O18: 0 | R18: 232000 | T18: =SUM(B18:S18) -> 949900
A19: 13th | B19: 151000 | C19: 20000 | D19: 109000 | E19: 81000 | F19: 154600 | G19: 0 | H19: 70000 | I19: 51000 | J19: 14000 | O19: 0 | R19: 0 | T19: =SUM(B19:S19) -> 650600
A20: 14th | B20: 216000 | C20: 154000 | D20: 75000 | E20: 17000 | F20: 84000 | G20: 0 | H20: 56000 | I20: 30000 | J20: 4000 | O20: 0 | R20: -73000 | T20: =SUM(B20:S20) -> 563000
... A24: 18th | B24: 167000 | C24: 62000 | D24: 95000 | E24: 22500 | F24: 121000 | G24: 0 | H24: 74000 | I24: 21000 | J24: 6000 | O24: 0 | R24: 0 | T24: =SUM(B24:S24) -> 568500
A25: 19th | B25: 191500 | C25: 122000 | D25: 47000 | E25: 44000 | F25: 117000 | G25: 0 | H25: 37000 | I25: 26500 | O25: 21000 | R25: -9000 | T25: =SUM(B25:S25) -> 597000
A26: 20th | B26: 156500 | C26: 94000 | D26: 82500 | E26: 7000 | F26: 73400 | G26: 0 | H26: 86000 | I26: 22000 | J26: 10000 | O26: 0 | R26: -348000 | T26: =SUM(B26:S26) -> 183400
A27: 21st | B27: 112000 | C27: 107000 | D27: 83000 | E27: 6000 | F27: 75000 | G27: 0 | H27: 23000 | I27: 24000 | J27: 3000 | O27: 10000 | R27: 0 | T27: =SUM(B27:S27) -> 443000
A28: 22nd | B28: 166000 | C28: 202000 | D28: 75000 | E28: 7000 | F28: 100000 | G28: 12000 | H28: 81000 | I28: 63000 | J28: 0 | O28: 0 | R28: 971000 | T28: =SUM(B28:S28) -> 1677000
A29: 23rd | B29: 208000 | C29: 109000 | D29: 158500 | E29: 29000 | F29: 169100 | G29: 12000 | H29: 168500 | I29: 29500 | J29: 10000 | O29: 36000 | R29: 1551000 | T29: =SUM(B29:S29) -> 2480600
A30: 24th | B30: 194000 | C30: 70000 | D30: 164000 | E30: 26500 | F30: 190000 | G30: 0 | H30: 53000 | I30: 130000 | J30: 0 | O30: 10000 | R30: 51000 | T30: =SUM(B30:S30) -> 888500
A31: 25th | B31: 286000 | C31: 97000 | D31: 150000 | E31: 18000 | F31: 177500 | G31: 12000 | H31: 218500 | I31: 157000 | J31: 17000 | O31: 0 | R31: 56000 | T31: =SUM(B31:S31) -> 1189000
A32: 26th | B32: 254000 | C32: 216000 | D32: 150000 | E32: 0 | F32: 55000 | G32: 12000 | H32: 105000 | I32: 11000 | J32: 5000 | O32: 0 | R32: 301000 | T32: =SUM(B32:S32) -> 1109000 | U32: 2920000
A33: 27th | B33: 234000 | C33: 48000 | D33: 137000 | E33: 34000 | F33: 74200 | G33: 0 | H33: 65000 | I33: 83000 | J33: 0 | O33: 0 | R33: 1674000 | T33: =SUM(B33:S33) -> 2349200
A34: 28th | B34: 222500 | C34: 157000 | D34: 76500 | E34: 7000 | F34: 95900 | G34: 36000 | H34: 103000 | I34: 51000 | J34: 0 | O34: 0 | R34: 1480500 | T34: =SUM(B34:S34) -> 2229400
A35: 29th | B35: 344000 | C35: 308000 | D35: 142500 | E35: 29500 | F35: 102000 | G35: 0 | H35: 156000 | I35: 54500 | J35: 0 | O35: 22000 | R35: 7000 | T35: =SUM(B35:S35) -> 1165500
A36: 30TH | B36: 193000 | C36: 104000 | D36: 80000 | E36: 0 | F36: 60500 | G36: 0 | H36: 70000 | I36: 32500 | O36: 0 | R36: 11000 | T36: =SUM(B36:S36) -> 551000
A37: 31ST | B37: 438000 | C37: 360000 | D37: 169000 | E37: 24500 | F37: 276000 | G37: 0 | H37: 102000 | I37: 106000 | J37: 11500 | O37: 7000 | T37: =SUM(B37:S37) -> 1494000
A38: GRAND TOTAL | B38: =SUM(B7:B37) -> 6889000 | C38: =SUM(C7:C37) -> 4336000 | D38: =SUM(D7:D37) -> 3329000 | E38: =SUM(E7:E37) -> 459500 | F38: =SUM(F7:F37) -> 3622600 | G38: =SUM(G7:G37) -> 126000 | H38: =SUM(H7:H37) -> 2520000 | I38: =SUM(I7:I37) -> 1457000 | J38: =SUM(J7:J37) -> 170000 | O38: =SUM(O7:O37) -> 146000 | R38: =SUM(R7:R37) -> 5793500 | T38: =SUM(B38:S38) -> 28848600 | U38: 3400000

Sheet WEEKLY REPORT AUGUST.2024 (4)
A2: DATE: | B2: 01.08.2024 - 31.08.2024
A3: Product category | B3: Week 1 | C3: week 2 | D3: Week 3 | E3: Week 4 | F3: Week 5 | G3: TOTAL
A4: Non Alcholic | B4: 960500 | C4: 1392000 | D4: 1537000 | E4: 1314000 | F4: 1685500 | G4: =SUM(B4:F4) -> 6889000
A5: Alcoholic | B5: 634000 | C5: 814000 | D5: 896000 | E5: 801000 | F5: 1193000 | G5: =SUM(B5:F5) -> 4338000
A6: Fresh Products | B6: 404500 | C6: 831500 | D6: 578000 | E6: 760000 | F6: 755000 | G6: =SUM(B6:F6) -> 3329000
A7: Ice creams | B7: 16500 | C7: 73000 | D7: 137500 | E7: 119500 | F7: 113000 | G7: =SUM(B7:F7) -> 459500
A8: Confectionery | B8: 426200 | C8: 914200 | D8: 714500 | E8: 902000 | F8: 663600 | G8: =SUM(B8:F8) -> 3620500
A9: Tobacco | B9: 0 | C9: 42000 | D9: 0 | E9: 36000 | F9: 48000 | G9: =SUM(B9:F9) -> 126000
A10: Grocery | B10: 201000 | C10: 626000 | D10: 425000 | E10: 667000 | F10: 601000 | G10: =SUM(B10:F10) -> 2520000
A11: Health & beauty | B11: 85000 | C11: 389000 | D11: 193000 | E11: 452000 | F11: 338000 | G11: =SUM(B11:F11) -> 1457000
A12: Bazaar | B12: 28500 | C12: 57000 | D12: 28000 | E12: 40000 | F12: 16500 | G12: =SUM(B12:F12) -> 170000
A13: Car Care | G13: =SUM(B13:E13) -> 0
A14: Car wash | G14: =SUM(B14:E14) -> 0
A15: Press | G15: =SUM(B15:E15) -> 0
A16: Lottery | G16: =SUM(B16:E16) -> 0
A17: Coffee | B17: 24000 | C17: 4000 | D17: 12000 | E17: 77000 | F17: 29000 | G17: =SUM(B17:F17) -> 146000
A18: Snacks | G18: =SUM(B18:E18) -> 0
A19: Lubricants in shop | G19: =SUM(B19:E19) -> 0
A20: Guichet unique | G20: =SUM(B20:E20) -> 0
A21: Total | B21: =SUM(B4:B20) -> 2780200 | C21: =SUM(C4:C20) -> 5142700 | D21: =SUM(D4:D20) -> 4521000 | E21: =SUM(E4:E20) -> 5168500 | F21: =SUM(F4:F20) -> 5442600 | G21: =SUM(G4:G20) -> 23055000
A24: Maintenance Issues & Challenges
A28: 2. shops sales move hand in hand with fuel but this months I had challeges On varoius days where pms reaches 5000 ltrs left in TANK and pumps cannotpump it out .but this was reported and hope they are looking for the solution.

Sheet DAILY SALES FOR SEPTEMB.2024 (2
B2: TotalEnergies MARKETING UGANDA LIMITED
B3: SHOP WEEKLY REPORT (MTD)
B4: SHOP NAME | C4: TotalEnergies RWIZI
B5: MONTH | C5: 45536
A6: DATE | B6: Non Alcholic | C6: Alcoholic | D6: Fresh products | E6: Ice cream | F6: Confectionery | G6: Tobacco | H6: Grocery | I6: Health & beauty | J6: Bazaar | K6: Car Care | L6: Car wash | M6: Press | N6: Lottery | O6: Coffee | P6: Snacks | Q6: Lubricants in shop | R6: Guichet | S6: Total T/O (Excluding Airtime, carwash,lubricants in shop) | T6: Global Total | U6: GUICHEIT BANKINGS
A7: 1st | B7: 242000 | C7: 117000 | D7: 109500 | E7: 32500 | F7: 80000 | G7: 12000 | H7: 54000 | I7: 88000 | J7: 15000 | O7: 0 | R7: 0 | T7: =SUM(B7:S7) -> 750000
A8: 2nd | B8: 199000 | C8: 130000 | D8: 130000 | E8: 5500 | F8: 134700 | G8: 0 | H8: 93000 | I8: 34000 | J8: 11000 | O8: 5000 | R8: 0 | T8: =SUM(B8:S8) -> 742200
A9: 3rd | B9: 136000 | C9: 30000 | D9: 54000 | E9: 6000 | F9: 56000 | G9: 0 | H9: 30000 | I9: 19000 | J9: 14000 | O9: 0 | R9: 0 | T9: =SUM(B9:S9) -> 345000
A10: 4th | B10: 127000 | C10: 130000 | D10: 49000 | E10: 12000 | F10: 74200 | G10: 0 | H10: 30000 | I10: 64000 | J10: 2000 | O10: 4000 | R10: 2092000 | T10: =SUM(B10:S10) -> 2584200
A11: 5th | B11: 184000 | C11: 98000 | D11: 177000 | E11: 23000 | F11: 159500 | G11: 24000 | H11: 77000 | I11: 26000 | J11: 5000 | O11: 12000 | R11: 164000 | T11: =SUM(B11:S11) -> 949500
A12: 6th | B12: 223000 | C12: 112000 | D12: 117000 | E12: 0 | F12: 97100 | G12: 24000 | H12: 128000 | I12: 23000 | J12: 12000 | O12: 5000 | R12: 308000 | T12: =SUM(B12:S12) -> 1049100
A13: 7th | B13: 167000 | C13: 302000 | D13: 135000 | E13: 16500 | F13: 129000 | G13: 0 | H13: 120000 | I13: 124000 | J13: 10000 | O13: 11000 | R13: 184000 | T13: =SUM(B13:S13) -> 1198500
A14: 8th | B14: 158000 | C14: 101000 | D14: 127500 | E14: 19000 | F14: 145000 | G14: 0 | H14: 78000 | I14: 12000 | J14: 0 | O14: 0 | R14: 75000 | T14: =SUM(B14:S14) -> 715500
A15: 9th | B15: 300000 | C15: 51000 | D15: 101000 | E15: 5000 | F15: 74000 | G15: 0 | H15: 60000 | I15: 55000 | J15: 0 | O15: 0 | R15: 135000 | T15: =SUM(B15:S15) -> 781000 | U15: 1750000
A16: 10th | B16: 184000 | C16: 116000 | D16: 124500 | E16: 9500 | F16: 109600 | G16: 24000 | H16: 77000 | I16: 43000 | J16: 28000 | O16: 6000 | R16: 0 | T16: =SUM(B16:S16) -> 721600
A17: 11th | B17: 351000 | C17: 60000 | D17: 150000 | E17: 9000 | F17: 65500 | G17: 0 | H17: 30000 | I17: 47000 | J17: 0 | O17: 6000 | R17: 0 | T17: =SUM(B17:S17) -> 718500
A18: 12th | B18: 166500 | C18: 107000 | D18: 52000 | E18: 17000 | F18: 60000 | G18: 0 | H18: 31000 | I18: 27000 | J18: 0 | O18: 0 | R18: 0 | T18: =SUM(B18:S18) -> 460500
A19: 13th | B19: 272000 | C19: 66000 | D19: 89000 | E19: 10500 | F19: 89500 | G19: 24000 | H19: 77000 | I19: 40000 | J19: 6000 | O19: 0 | R19: 0 | T19: =SUM(B19:S19) -> 674000
A20: 14th | B20: 348000 | C20: 142000 | D20: 145500 | E20: 21000 | F20: 151500 | G20: 0 | H20: 112000 | I20: 37000 | J20: 0 | O20: 0 | R20: 353500 | T20: =SUM(B20:S20) -> 1310500
A21: 15th | B21: 224500 | C21: 110000 | D21: 127500 | E21: 26500 | F21: 128500 | G21: 0 | H21: 81000 | I21: 26000 | J21: 0 | O21: 0 | R21: 0 | T21: =SUM(B21:S21) -> 724000
A22: 16TH | B22: 203000 | C22: 22000 | D22: 164000 | E22: 10000 | F22: 155400 | G22: 0 | H22: 111000 | I22: 30000 | J22: 5000 | O22: 5000 | R22: 0 | T22: =SUM(B22:S22) -> 705400
A23: 17th | B23: 220000 | C23: 121000 | D23: 122500 | E23: 0 | F23: 142500 | G23: 0 | H23: 169000 | I23: 60000 | J23: 8000 | O23: 0 | R23: 222000 | T23: =SUM(B23:S23) -> 1065000
A24: 18th | B24: 138000 | C24: 46000 | D24: 82000 | E24: 12500 | F24: 116400 | G24: 0 | H24: 11000 | I24: 17500 | J24: 4000 | O24: 0 | R24: 377000 | T24: =SUM(B24:S24) -> 804400
A25: 19th | B25: 190000 | C25: 109000 | D25: 106500 | E25: 17000 | F25: 106500 | G25: 12000 | H25: 76000 | I25: 33000 | J25: 0 | O25: 20000 | R25: -185000 | T25: =SUM(B25:S25) -> 485000
A26: 20th | B26: 168000 | C26: 72000 | D26: 106500 | E26: 3500 | F26: 125000 | G26: 0 | H26: 78000 | I26: 15000 | J26: 0 | O26: 8000 | R26: -367000 | T26: =SUM(B26:S26) -> 209000
A27: 21st | B27: 173500 | C27: 253000 | D27: 98000 | E27: 10000 | F27: 166500 | G27: 12000 | H27: 67000 | I27: 46000 | J27: 6000 | O27: 18000 | R27: 197000 | T27: =SUM(B27:S27) -> 1047000
... A32: 26th | B32: 221000 | C32: 44000 | D32: 51000 | E32: 11000 | F32: 91000 | G32: 12000 | H32: 146000 | I32: 68000 | J32: 11000 | O32: 0 | R32: 664000 | T32: =SUM(B32:S32) -> 1319000
A33: 27th | B33: 280000 | C33: 213000 | D33: 94000 | E33: 20500 | F33: 123300 | G33: 0 | H33: 122000 | I33: 73000 | J33: 4000 | O33: 0 | R33: 128000 | T33: =SUM(B33:S33) -> 1057800 | U33: 1000000
A34: 28th | B34: 247000 | C34: 256000 | D34: 103000 | E34: 10000 | F34: 151000 | G34: 0 | H34: 79000 | I34: 49000 | J34: 8000 | O34: 5000 | R34: 39000 | T34: =SUM(B34:S34) -> 947000
A35: 29th | B35: 234000 | C35: 54000 | D35: 63000 | E35: 15000 | F35: 82500 | G35: 12000 | H35: 45000 | I35: 60500 | J35: 1000 | O35: 6000 | R35: 0 | T35: =SUM(B35:S35) -> 573000
A36: 30TH | B36: 236500 | C36: 190000 | D36: 212000 | E36: 10000 | F36: 186700 | G36: 24000 | H36: 213000 | I36: 73000 | J36: 21000 | O36: 0 | R36: 101000 | T36: =SUM(B36:S36) -> 1267200 | U36: 700000
A37: 31ST | T37: =SUM(B37:S37) -> 0
A38: GRAND TOTAL | B38: =SUM(B7:B37) -> 6529500 | C38: =SUM(C7:C37) -> 3316000 | D38: =SUM(D7:D37) -> 3235000 | E38: =SUM(E7:E37) -> 401500 | F38: =SUM(F7:F37) -> 3407200 | G38: =SUM(G7:G37) -> 186000 | H38: =SUM(H7:H37) -> 2387000 | I38: =SUM(I7:I37) -> 1358000 | J38: =SUM(J7:J37) -> 211000 | O38: =SUM(O7:O37) -> 117000 | R38: =SUM(R9:R37) -> 4662500 | T38: =SUM(B38:S38) -> 25810700

Sheet WEEKLY REPORT SEMPT.2024 (5)
A2: DATE: | B2: 01.09.2024 - 30.09.2024
A3: Product category | B3: Week 1 | C3: week 2 | D3: Week 3 | E3: Week 4 | F3: Week 5 | G3: TOTAL
A4: Non Alcholic | B4: 1436000 | C4: 1846000 | D4: 1352500 | E4: 1895000 | G4: =SUM(B4:F4) -> 6529500
A5: Alcoholic | B5: 1020000 | C5: 652000 | D5: 679000 | E5: 965000 | G5: =SUM(B5:F5) -> 3316000
A6: Fresh Products | B6: 899000 | C6: 789000 | D6: 768500 | E6: 778000 | G6: =SUM(B6:F6) -> 3234500
A7: Ice creams | B7: 114500 | C7: 98500 | D7: 63000 | E7: 125500 | G7: =SUM(B7:F7) -> 401500
A8: Confectionery | B8: 875500 | C8: 678600 | D8: 893800 | E8: 959300 | G8: =SUM(B8:F8) -> 3407200
A9: Tobacco | B9: 60000 | C9: 48000 | D9: 30000 | E9: 48000 | G9: =SUM(B9:F9) -> 186000
A10: Grocery | B10: 610000 | C10: 468000 | D10: 534000 | E10: 775000 | G10: =SUM(B10:F10) -> 2387000
A11: Health & beauty | B11: 390000 | C11: 275000 | D11: 237500 | E11: 455500 | G11: =SUM(B11:F11) -> 1358000
A12: Bazaar | B12: 69000 | C12: 34000 | D12: 27000 | E12: 81000 | G12: =SUM(B12:F12) -> 211000
A13: Car Care | G13: =SUM(B13:E13) -> 0
A14: Car wash | G14: =SUM(B14:E14) -> 0
A15: Press | G15: =SUM(B15:E15) -> 0
A16: Lottery | G16: =SUM(B16:E16) -> 0
A17: Coffee | B17: 37000 | C17: 12000 | D17: 51000 | E17: 17000 | G17: =SUM(B17:F17) -> 117000
A18: Snacks | G18: =SUM(B18:E18) -> 0
A19: Lubricants in shop | G19: =SUM(B19:E19) -> 0
A20: Guichet unique | G20: =SUM(B20:E20) -> 0
A21: Total | B21: =SUM(B4:B20) -> 5511000 | C21: =SUM(C4:C20) -> 4901100 | D21: =SUM(D4:D20) -> 4636300 | E21: =SUM(E4:E20) -> 6099300 | F21: =SUM(F4:F20) -> 0 | G21: =SUM(G4:G20) -> 21147700
A24: Maintenance Issues & Challenges
A27: 1.we have an issue of one fridge that has abnormal temperatures thus affecting our sales on both non and soft drinks. Therefore we need support on handling this. Thank you.

Sheet DAILY SALES FOR OCT.2024
B1: TotalEnergies MARKETING UGANDA LIMITED
B2: SHOP WEEKLY REPORT (MTD)
B3: SHOP NAME | C3: TotalEnergies RWIZI
B4: MONTH | C4: 45566
A5: DATE | B5: Non Alcholic | C5: Alcoholic | D5: Fresh products | E5: Ice cream | F5: Confectionery | G5: Tobacco | H5: Grocery | I5: Health & beauty | J5: Bazaar | K5: Car Care | L5: Car wash | M5: Press | N5: Lottery | O5: Coffee | P5: Snacks | Q5: Lubricants in shop | R5: Guichet | S5: Total T/O (Excluding Airtime, carwash,lubricants in shop) | T5: Global Total | U5: GUICHEIT BANKINGS
A6: 1st | B6: 160000 | C6: 72000 | D6: 108500 | E6: 3000 | F6: 137000 | G6: 36000 | H6: 60000 | I6: 36000 | J6: 0 | O6: 0 | Q6: 0 | R6: 0 | T6: =SUM(B6:S6) -> 612500
A7: 2nd | B7: 181000 | C7: 70000 | D7: 124000 | E7: 10000 | F7: 102000 | G7: 12000 | H7: 53000 | I7: 52000 | J7: 7000 | O7: 0 | Q7: 0 | R7: 35000 | T7: =SUM(B7:S7) -> 646000
A8: 3rd | B8: 118500 | C8: 10000 | D8: 63500 | E8: 16000 | F8: 67000 | G8: 0 | H8: 30500 | I8: 33000 | J8: 3000 | O8: 0 | Q8: 0 | R8: 14000 | T8: =SUM(B8:S8) -> 355500 | U8: 500000
A9: 4th | B9: 174500 | C9: 195000 | D9: 113500 | E9: 15000 | F9: 104800 | G9: 0 | H9: 40000 | I9: 72500 | J9: 5000 | O9: 0 | Q9: 0 | R9: 0 | T9: =SUM(B9:S9) -> 720300
A10: 5th | B10: 136000 | C10: 74000 | D10: 105000 | E10: 9000 | F10: 95000 | G10: 12000 | H10: 58000 | I10: 42500 | J10: 14000 | O10: 0 | Q10: 0 | R10: 0 | T10: =SUM(B10:S10) -> 545500
A11: 6th | B11: 188500 | C11: 121000 | D11: 44000 | E11: 12500 | F11: 63000 | G11: 0 | H11: 24000 | I11: 42000 | J11: 14000 | O11: 6000 | Q11: 0 | R11: 28000 | T11: =SUM(B11:S11) -> 543000
A12: 7th | B12: 174000 | C12: 15000 | D12: 102000 | E12: 0 | F12: 82000 | G12: 0 | H12: 38000 | I12: 13000 | J12: 0 | O12: 5000 | Q12: 0 | R12: 0 | T12: =SUM(B12:S12) -> 429000
A13: 8th | B13: 181500 | C13: 72000 | D13: 97000 | E13: 23500 | F13: 109000 | G13: 0 | H13: 86000 | I13: 38000 | J13: 0 | O13: 0 | Q13: 30000 | R13: 52000 | T13: =SUM(B13:S13) -> 689000
A14: 9th | B14: 141000 | C14: 13000 | D14: 45000 | E14: 9000 | F14: 30500 | G14: 0 | H14: 45500 | I14: 11000 | J14: 5000 | O14: 0 | Q14: 0 | R14: 222000 | T14: =SUM(B14:S14) -> 522000
A15: 10th | B15: 116000 | C15: 31000 | D15: 113000 | E15: 6000 | F15: 46500 | G15: 12000 | H15: 73000 | I15: 40500 | J15: 12000 | O15: 0 | Q15: 0 | R15: 31000 | T15: =SUM(B15:S15) -> 481000
A16: 11th | B16: 185000 | C16: 59000 | D16: 125000 | E16: 8000 | F16: 120000 | G16: 0 | H16: 61000 | I16: 80000 | J16: 8000 | O16: 5000 | Q16: 20500 | R16: 0 | T16: =SUM(B16:S16) -> 671500
A17: 12th | B17: 202000 | C17: 314000 | D17: 68500 | E17: 6000 | F17: 90000 | G17: 36000 | H17: 40000 | I17: 80500 | J17: 2000 | O17: 0 | Q17: 0 | R17: 0 | T17: =SUM(B17:S17) -> 839000
A18: 13th | B18: 156000 | C18: 45000 | D18: 84000 | E18: 0 | F18: 158000 | G18: 12000 | H18: 64000 | I18: 32500 | J18: 3000 | O18: 0 | Q18: 0 | R18: 0 | T18: =SUM(B18:S18) -> 554500
A19: 14th | B19: 128000 | C19: 112000 | D19: 75000 | E19: 20000 | F19: 80000 | G19: 0 | H19: 46000 | I19: 25000 | J19: 16000 | O19: 10000 | Q19: 0 | R19: 0 | T19: =SUM(B19:S19) -> 512000
A20: 15th | B20: 112000 | C20: 83000 | D20: 54000 | E20: 0 | F20: 69000 | G20: 0 | H20: 60000 | I20: 31000 | J20: 0 | O20: 0 | Q20: 148000 | R20: 0 | T20: =SUM(B20:S20) -> 557000
... A34: 29th | B34: 81000 | C34: 102000 | D34: 102000 | E34: 33000 | F34: 129000 | G34: 0 | H34: 54000 | I34: 85000 | J34: 0 | O34: 0 | Q34: 0 | R34: 66000 | T34: =SUM(B34:S34) -> 652000
A35: 30TH | B35: 143000 | C35: 112000 | D35: 70500 | E35: 11500 | F35: 104500 | G35: 12000 | H35: 54000 | I35: 59500 | J35: 0 | O35: 6000 | Q35: 0 | R35: 517000 | T35: =SUM(B35:S35) -> 1090000 | U35: 1400000
A36: 31ST | B36: 146000 | C36: 42000 | D36: 87000 | E36: 3000 | F36: 105000 | G36: 0 | H36: 63000 | I36: 37000 | J36: 25000 | O36: 6000 | Q36: 50000 | R36: 20000 | T36: =SUM(B36:S36) -> 584000
A37: GRAND TOTAL | B37: =SUM(B6:B36) -> 5066500 | C37: =SUM(C6:C36) -> 3330000 | D37: =SUM(D6:D36) -> 2789500 | E37: =SUM(E6:E36) -> 410500 | F37: =SUM(F6:F36) -> 3114900 | G37: =SUM(G6:G36) -> 222000 | H37: =SUM(H6:H36) -> 1908000 | I37: =SUM(I6:I36) -> 1539000 | J37: =SUM(J6:J36) -> 211000 | O37: =SUM(O6:O36) -> 106000 | Q37: =SUM(Q6:Q36) -> 785500 | R37: =SUM(R6:R36) -> 1782000 | T37: =SUM(B37:S37) -> 21264900

Sheet WEEKLY REPORT FOR OCT.2024
A1: DATE: | B1: 01.10.2024 - 30.10.2024
A2: Product category | B2: Week 1 | C2: week 2 | D2: Week 3 | E2: Week 4 | F2: Week 5 | G2: TOTAL
A3: Non Alcholic | B3: 958500 | C3: 1155500 | D3: 957500 | E3: 1469000 | F3: 526000 | G3: =SUM(B3:F3) -> 5066500
A4: Alcoholic | B4: 542000 | C4: 549000 | D4: 838000 | E4: 709000 | F4: 692000 | G4: =SUM(B4:F4) -> 3330000
A5: Fresh Products | B5: 558500 | C5: 634500 | D5: 599000 | E5: 652000 | F5: 345500 | G5: =SUM(B5:F5) -> 2789500
A6: Ice creams | B6: 65500 | C6: 52500 | D6: 118000 | E6: 122000 | F6: 52000 | G6: =SUM(B6:F6) -> 410000
A7: Confectionery | B7: 568800 | C7: 636000 | D7: 742200 | E7: 748500 | F7: 419600 | G7: =SUM(B7:F7) -> 3115100
A8: Tobacco | B8: 60000 | C8: 60000 | D8: 54000 | E8: 36000 | F8: 12000 | G8: =SUM(B8:F8) -> 222000
A9: Grocery | B9: 265500 | C9: 407500 | D9: 426000 | E9: 563000 | F9: 246000 | G9: =SUM(B9:F9) -> 1908000
A10: Health & beauty | B10: 278000 | C10: 295500 | D10: 344000 | E10: 395000 | F10: 226500 | G10: =SUM(B10:F10) -> 1539000
A11: Bazaar | B11: 43000 | C11: 30000 | D11: 66000 | E11: 42000 | F11: 30000 | G11: =SUM(B11:F11) -> 211000
A12: Car Care | G12: =SUM(B12:E12) -> 0
A13: Car wash | G13: =SUM(B13:E13) -> 0
A14: Press | G14: =SUM(B14:E14) -> 0
A15: Lottery | G15: =SUM(B15:E15) -> 0
A16: Coffee | B16: 11000 | C16: 15000 | D16: 34000 | E16: 34000 | F16: 6000 | G16: 106000
A17: Snacks | G17: =SUM(B17:E17) -> 0
A18: Lubricants in shop | G18: =SUM(B18:E18) -> 0
A19: Guichet unique | G19: =SUM(B19:E19) -> 0
A20: Total | B20: =SUM(B3:B19) -> 3350800 | C20: =SUM(C3:C19) -> 3835500 | D20: =SUM(D3:D19) -> 4178700 | E20: =SUM(E3:E19) -> 4770500 | F20: =SUM(F3:F19) -> 2555600 | G20: =SUM(G3:G19) -> 18697100
A23: Maintenance Issues & Challenges
A26: 1. Decline in sales was caused by daily heavy rainfall which hinders customers movement. THANK YOU

Sheet DAILY SALES FOR NOV.2024 (2)
B1: TotalEnergies MARKETING UGANDA LIMITED
B2: SHOP WEEKLY REPORT (MTD)
B3: SHOP NAME | C3: TotalEnergies RWIZI
B4: MONTH | C4: 45597
A5: DATE | B5: Non Alcholic | C5: Alcoholic | D5: Fresh products | E5: Ice cream | F5: Confectionery | G5: Tobacco | H5: Grocery | I5: Health & beauty | J5: Bazaar | K5: Car Care | L5: Car wash | M5: Press | N5: Lottery | O5: Coffee | P5: Snacks | Q5: Lubricants in shop | R5: Guichet | S5: Total T/O (Excluding Airtime, carwash,lubricants in shop) | T5: Global Total | U5: GUICHEIT BANKINGS
A6: 1st | B6: 124500 | C6: 69000 | D6: 77000 | E6: 15000 | F6: 100000 | G6: 0 | H6: 77500 | I6: 51000 | J6: 12000 | O6: 18000 | Q6: 0 | R6: 21000 | T6: =SUM(B6:S6) -> 565000
A7: 2nd | B7: 101000 | C7: 95000 | D7: 103000 | E7: 32000 | F7: 125000 | G7: 6000 | H7: 68000 | I7: 24000 | J7: 6000 | O7: 0 | P7: 0 | Q7: 0 | R7: 0 | T7: =SUM(B7:S7) -> 560000
A8: 3rd | B8: 144500 | C8: 156000 | D8: 110000 | E8: 24000 | F8: 81000 | G8: 6000 | H8: 152000 | I8: 143000 | J8: 7000 | O8: 18000 | Q8: 46000 | R8: 15000 | T8: =SUM(B8:S8) -> 902500
A9: 4th | B9: 218000 | C9: 79000 | D9: 108000 | E9: 12500 | F9: 83500 | G9: 0 | H9: 102000 | I9: 73000 | J9: 5000 | O9: 30000 | Q9: 0 | R9: 0 | T9: =SUM(B9:S9) -> 711000
A10: 5th | B10: 99000 | C10: 93000 | D10: 75000 | E10: 12500 | F10: 124500 | G10: 24000 | H10: 61000 | I10: 56000 | J10: 13000 | O10: 0 | Q10: 0 | R10: 81000 | T10: =SUM(B10:S10) -> 639000
A11: 6th | B11: 130500 | C11: 85000 | D11: 71000 | E11: 12000 | F11: 64500 | G11: 0 | H11: 42000 | I11: 38500 | J11: 4000 | O11: 0 | Q11: 0 | R11: 6000 | T11: =SUM(B11:S11) -> 453500
A12: 7th | B12: 139000 | C12: 61000 | D12: 40500 | E12: 9500 | F12: 63500 | G12: 0 | H12: 18000 | I12: 18500 | J12: 6000 | O12: 0 | Q12: 0 | R12: 0 | T12: =SUM(B12:S12) -> 356000
A13: 8th | B13: 188000 | C13: 37000 | D13: 74000 | E13: 15000 | F13: 57500 | G13: 24000 | H13: 29000 | I13: 54000 | J13: 0 | O13: 0 | Q13: 232000 | R13: 52000 | T13: =SUM(B13:S13) -> 762500
A14: 9th | B14: 288500 | C14: 267000 | D14: 122000 | E14: 18000 | F14: 131800 | G14: 30000 | H14: 122000 | I14: 21000 | J14: 17000 | O14: 16000 | Q14: 218000 | R14: 0 | T14: =SUM(B14:S14) -> 1251300
A15: 10th | B15: 183500 | C15: 115000 | D15: 78000 | E15: 4000 | F15: 92000 | G15: 30000 | H15: 87000 | I15: 56500 | J15: 6000 | O15: 0 | Q15: 20500 | R15: 0 | T15: =SUM(B15:S15) -> 672500
A16: 11th | B16: 113000 | C16: 40000 | D16: 77000 | E16: 9000 | F16: 67000 | G16: 0 | H16: 111000 | I16: 29000 | J16: 0 | O16: 0 | Q16: 0 | R16: 93000 | T16: =SUM(B16:S16) -> 539000
A17: 12th | B17: 110000 | C17: 167000 | D17: 97000 | E17: 15000 | F17: 92500 | G17: 24000 | H17: 45000 | I17: 46500 | J17: 17000 | O17: 0 | Q17: 23000 | R17: 361000 | T17: =SUM(B17:S17) -> 998000
A18: 13th | B18: 104500 | C18: 96000 | D18: 106000 | E18: 24000 | F18: 74500 | G18: 12000 | H18: 52000 | I18: 23000 | J18: 15000 | O18: 0 | Q18: 302500 | R18: 1194000 | T18: =SUM(B18:S18) -> 2003500
A19: 14th | B19: 114500 | C19: 80000 | D19: 62500 | E19: 9500 | F19: 66500 | G19: 18000 | H19: 62000 | I19: 59500 | J19: 29000 | O19: 0 | Q19: 46000 | R19: 1143000 | T19: =SUM(B19:S19) -> 1690500
... A22: 17th | B22: 64000 | C22: 171000 | D22: 58000 | E22: 14000 | F22: 31000 | G22: 0 | H22: 68000 | I22: 21000 | J22: 6000 | O22: 0 | Q22: 0 | R22: 0 | T22: =SUM(B22:S22) -> 433000
A23: 18th | B23: 229500 | C23: 113000 | D23: 146000 | E23: 12000 | F23: 72000 | G23: 0 | H23: 141000 | I23: 100000 | J23: 0 | O23: 10000 | Q23: 0 | R23: 0 | T23: =SUM(B23:S23) -> 823500 | U23: 2510000
A24: 19th | B24: 181000 | C24: 30000 | D24: 95000 | E24: 6000 | F24: 56000 | G24: 0 | H24: 35000 | I24: 59000 | J24: 0 | O24: 10000 | Q24: 0 | R24: 0 | T24: =SUM(B24:S24) -> 472000
A25: 20th | B25: 153000 | C25: 76000 | D25: 120000 | E25: 15000 | F25: 68800 | G25: 0 | H25: 78000 | I25: 106000 | J25: 6000 | O25: 0 | Q25: 192000 | R25: 0 | T25: =SUM(B25:S25) -> 814800
A26: 21st | B26: 185500 | C26: 28000 | D26: 51000 | E26: 8500 | F26: 86000 | G26: 12000 | H26: 25000 | I26: 18000 | J26: 6000 | O26: 0 | Q26: 0 | R26: 0 | T26: =SUM(B26:S26) -> 420000
A27: 22nd | B27: 160000 | C27: 74000 | D27: 68000 | E27: 4000 | F27: 71800 | G27: 0 | H27: 12000 | I27: 35000 | J27: 0 | O27: 0 | Q27: 0 | R27: 0 | T27: =SUM(B27:S27) -> 424800
A28: 23rd | B28: 269500 | C28: 169000 | D28: 140000 | E28: 22000 | F28: 189600 | G28: 12000 | H28: 212000 | I28: 91000 | J28: 36000 | O28: 5000 | Q28: 0 | R28: 0 | T28: =SUM(B28:S28) -> 1146100
A29: 24th | B29: 129000 | C29: 90000 | D29: 71000 | E29: 13000 | F29: 109000 | G29: 0 | H29: 66000 | I29: 50000 | J29: 2000 | O29: 0 | Q29: 0 | R29: 0 | T29: =SUM(B29:S29) -> 530000
A30: 25th | B30: 114000 | C30: 135000 | D30: 70000 | E30: 10000 | F30: 98000 | G30: 0 | H30: 41000 | I30: 65000 | J30: 7500 | O30: 10000 | Q30: 0 | R30: 0 | T30: =SUM(B30:S30) -> 550500
A31: 26th | B31: 102500 | C31: 34000 | D31: 96000 | E31: 2000 | F31: 77600 | G31: 0 | H31: 88000 | I31: 29000 | J31: 0 | O31: 0 | Q31: 0 | R31: 0 | T31: =SUM(B31:S31) -> 429100
A32: 27th | B32: 126000 | C32: 168000 | D32: 62000 | E32: 10000 | F32: 75000 | G32: 0 | H32: 60000 | I32: 45000 | J32: 6000 | O32: 6000 | Q32: 0 | R32: 0 | T32: =SUM(B32:S32) -> 558000
A33: 28th | B33: 126000 | C33: 70000 | D33: 89000 | E33: 10000 | F33: 91000 | G33: 0 | H33: 54000 | I33: 34000 | J33: 0 | O33: 0 | Q33: 0 | R33: 0 | T33: =SUM(B33:S33) -> 474000
A34: 29th | B34: 209000 | C34: 122000 | D34: 180000 | E34: 35000 | F34: 182100 | G34: 0 | H34: 104000 | I34: 60000 | J34: 8000 | O34: 29000 | Q34: 351500 | R34: 0 | T34: =SUM(B34:S34) -> 1280600
A35: 30TH | B35: 252000 | C35: 102000 | D35: 103000 | E35: 14000 | F35: 142200 | G35: 36000 | H35: 82000 | I35: 81000 | J35: 26000 | O35: 0 | Q35: 238500 | R35: 0 | T35: =SUM(B35:S35) -> 1076700 | U35: 1400000
A36: 31ST | O36: 0 | Q36: 0 | R36: 0 | T36: =SUM(B36:S36) -> 0
A37: GRAND TOTAL | B37: =SUM(B6:B36) -> 4705000 | C37: =SUM(C6:C36) -> 2977000 | D37: =SUM(D6:D36) -> 2790000 | E37: =SUM(E6:E36) -> 401500 | F37: =SUM(F6:F36) -> 2807900 | G37: =SUM(G6:G36) -> 258000 | H37: =SUM(H6:H36) -> 2302500 | I37: =SUM(I6:I36) -> 1613500 | J37: =SUM(J6:J36) -> 254500 | O37: =SUM(O6:O36) -> 152000 | Q37: =SUM(Q6:Q36) -> 1693000 | R37: =SUM(R6:R36) -> 2972000 | T37: =SUM(B37:S37) -> 22926900

Sheet WEEKLY REPORT FOR NOV.2024 (2)
A1: DATE: | B1: 01.11.2024 - 30.11.2024
A2: Product category | B2: Week 1 | C2: week 2 | D2: Week 3 | E2: Week 4 | F2: Week 5 | G2: TOTAL
A3: Non Alcholic | B3: 370000 | C3: 1246500 | D3: 851500 | E3: 1307000 | F3: 929500 | G3: =SUM(B3:F3) -> 4704500
A4: Alcoholic | B4: 320000 | C4: 737000 | D4: 709000 | E4: 580000 | F4: 631000 | G4: =SUM(B4:F4) -> 2977000
A5: Fresh Products | B5: 290000 | C5: 568500 | D5: 640500 | E5: 691000 | F5: 600000 | G5: =SUM(B5:F5) -> 2790000
A6: Ice creams | B6: 71000 | C6: 83500 | D6: 85500 | E6: 80500 | F6: 81000 | G6: =SUM(B6:F6) -> 401500
A7: Confectionery | B7: 306000 | C7: 617300 | D7: 565500 | E7: 653200 | F7: 665900 | G7: =SUM(B7:F7) -> 2807900
A8: Tobacco | B8: 12000 | C8: 108000 | D8: 78000 | E8: 24000 | F8: 36000 | G8: =SUM(B8:F8) -> 258000
A9: Grocery | B9: 297500 | C9: 461000 | D9: 546000 | E9: 569000 | F9: 429000 | G9: =SUM(B9:F9) -> 2302500
A10: Health & beauty | B10: 218000 | C10: 317500 | D10: 305000 | E10: 459000 | F10: 314000 | G10: =SUM(B10:F10) -> 1613500
A11: Bazaar | B11: 25000 | C11: 51000 | D11: 81000 | E11: 50000 | F11: 47500 | G11: =SUM(B11:F11) -> 254500
A12: Car Care | G12: =SUM(B12:E12) -> 0
A13: Car wash | G13: =SUM(B13:E13) -> 0
A14: Press | G14: =SUM(B14:E14) -> 0
A15: Lottery | G15: =SUM(B15:E15) -> 0
A16: Coffee | B16: 36000 | C16: 40000 | D16: 6000 | E16: 25000 | F16: 45000 | G16: =SUM(B16:F16) -> 152000
A17: Snacks | G17: =SUM(B17:E17) -> 0
A18: Lubricants in shop | G18: =SUM(B18:E18) -> 0
A19: Guichet unique | G19: =SUM(B19:E19) -> 0
A20: Total | B20: =SUM(B3:B19) -> 1945500 | C20: =SUM(C3:C19) -> 4230300 | D20: =SUM(D3:D19) -> 3868000 | E20: =SUM(E3:E19) -> 4438700 | F20: =SUM(F3:F19) -> 3778900 | G20: =SUM(G3:G19) -> 18261400
A23: Maintenance Issues & Challenges
A24: 1.Station renovation also reduced our traffic of customers hence affecting our sales.
A26: 2. Decline in sales was caused by daily heavy rainfall which hinders customers movement. THANK YOU

Sheet DAILY SALES REPORT DEC.2024
B1: TotalEnergies MARKETING UGANDA LIMITED
B2: SHOP WEEKLY REPORT (MTD)
B3: SHOP NAME | C3: TotalEnergies RWIZI
B4: MONTH | C4: 45627
A5: DATE | B5: Non Alcholic | C5: Alcoholic | D5: Fresh products | E5: Ice cream | F5: Confectionery | G5: Tobacco | H5: Grocery | I5: Health & beauty | J5: Bazaar | K5: Car Care | L5: Car wash | M5: Press | N5: Lottery | O5: Coffee | P5: Snacks | Q5: Lubricants in shop | R5: Guichet | S5: Total T/O (Excluding Airtime, carwash,lubricants in shop) | T5: Global Total
A6: 1st | B6: 101000 | C6: 190000 | D6: 41000 | E6: 21000 | F6: 47000 | G6: 6000 | H6: 52000 | I6: 45000 | J6: 18000 | O6: 0 | Q6: 21000 | R6: 70000 | T6: =SUM(B6:S6) -> 612000 | U6: BANKING
A7: 2nd | B7: 165500 | C7: 109000 | D7: 67000 | E7: 4000 | F7: 71000 | G7: 12000 | H7: 144000 | I7: 115000 | J7: 2000 | O7: 0 | Q7: 0 | R7: 957000 | T7: =SUM(B7:S7) -> 1646500
A8: 3rd | B8: 196500 | C8: 38000 | D8: 77000 | E8: 3000 | F8: 81000 | G8: 0 | H8: 68000 | I8: 37000 | J8: 0 | O8: 6000 | Q8: 0 | R8: 19000 | T8: =SUM(B8:S8) -> 525500
A9: 4th | B9: 220000 | C9: 90000 | D9: 98000 | E9: 14000 | F9: 153900 | G9: 0 | H9: 78000 | I9: 48000 | J9: 12000 | O9: 6000 | Q9: 0 | R9: 73000 | T9: =SUM(B9:S9) -> 792900
A10: 5th | B10: 184500 | C10: 152000 | D10: 93000 | E10: 22500 | F10: 101000 | G10: 12000 | H10: 136000 | I10: 62000 | J10: 10000 | M10: | | O10: 5000 | Q10: 0 | R10: 51000 | T10: =SUM(B10:S10) -> 829000
A11: 6th | B11: 228500 | C11: 181000 | D11: 77000 | E11: 10500 | F11: 91100 | G11: 12000 | H11: 69000 | I11: 57000 | J11: 17000 | O11: 6000 | Q11: 0 | R11: 110000 | T11: =SUM(B11:S11) -> 859100
A12: 7th | B12: 232000 | C12: 138000 | D12: 126000 | E12: 20500 | F12: 125000 | G12: 12000 | H12: 114500 | I12: 56000 | J12: 12000 | O12: 0 | Q12: 109000 | R12: 1166000 | T12: =SUM(B12:S12) -> 2111000
A13: 8th | B13: 164000 | C13: 147000 | D13: 120000 | E13: 5000 | F13: 126000 | G13: 12000 | H13: 115000 | I13: 20000 | J13: 4000 | O13: 0 | Q13: 0 | R13: 0 | T13: =SUM(B13:S13) -> 713000
A14: 9th | B14: 167000 | C14: 27000 | D14: 161000 | E14: 12000 | F14: 141000 | G14: 0 | H14: 139000 | I14: 63000 | J14: 11000 | O14: 0 | Q14: 50000 | R14: 392000 | T14: =SUM(B14:S14) -> 1163000
A15: 10th | B15: 125000 | C15: 27000 | D15: 92000 | E15: 55500 | F15: 102000 | G15: 18000 | H15: 76000 | I15: 41000 | J15: 21000 | O15: 0 | Q15: 0 | R15: 52000 | T15: =SUM(B15:S15) -> 609500 | U15: 2540000
A16: 11th | B16: 133000 | C16: 84000 | D16: 107000 | E16: 20000 | F16: 104000 | G16: 24000 | H16: 81000 | I16: 47000 | J16: 9000 | O16: 0 | Q16: 74000 | R16: 3000 | T16: =SUM(B16:S16) -> 686000
A17: 12th | B17: 128000 | C17: 46000 | D17: 106000 | E17: 6000 | F17: 121500 | G17: 24000 | H17: 115000 | I17: 42000 | J17: 10000 | O17: 0 | Q17: 0 | R17: 0 | T17: =SUM(B17:S17) -> 598500
A18: 13th | B18: 131000 | C18: 43000 | D18: 117000 | E18: 6000 | F18: 123500 | G18: 24000 | H18: 104000 | I18: 66000 | J18: 12000 | O18: 0 | Q18: 0 | R18: 97000 | T18: =SUM(B18:S18) -> 723500
A19: 14th | B19: 149000 | C19: 89000 | D19: 136000 | E19: 0 | F19: 154000 | G19: 0 | H19: 100000 | I19: 87000 | J19: 10000 | O19: 17000 | Q19: 0 | R19: 0 | T19: =SUM(B19:S19) -> 742000
A20: 15th | B20: 142000 | C20: 132000 | D20: 77000 | E20: 6000 | F20: 62200 | G20: 0 | H20: 47000 | I20: 56000 | J20: 12000 | O20: 0 | Q20: 0 | R20: 357000 | T20: =SUM(B20:S20) -> 891200
A21: 16TH | B21: 163500 | C21: 114000 | D21: 66000 | E21: 12500 | F21: 71000 | G21: 12000 | H21: 140000 | I21: 52000 | J21: 39000 | O21: 0 | Q21: 0 | R21: 152000 | T21: =SUM(B21:S21) -> 822000
A22: 17th | B22: 231500 | C22: 77000 | D22: 54000 | E22: 9500 | F22: 70000 | G22: 30000 | H22: 48000 | I22: 28000 | J22: 13000 | O22: 0 | Q22: 23000 | R22: 66000 | T22: =SUM(B22:S22) -> 650000
A23: 18th | B23: 185000 | C23: 90000 | D23: 106000 | E23: 17500 | F23: 105000 | G23: 0 | H23: 41000 | I23: 52000 | J23: 2000 | O23: 10000 | Q23: 0 | R23: 94000 | T23: =SUM(B23:S23) -> 702500
A24: 19th | B24: 221000 | C24: 151000 | D24: 100000 | E24: 6500 | F24: 109000 | G24: 0 | H24: 108000 | I24: 60000 | J24: 10000 | O24: 0 | Q24: 119500 | R24: 470000 | T24: =SUM(B24:S24) -> 1355000
A25: 20th | B25: 218000 | C25: 124000 | D25: 95000 | E25: 14000 | F25: 122000 | G25: 42000 | H25: 105000 | I25: 82000 | J25: 7000 | O25: 0 | Q25: 0 | R25: 383000 | T25: =SUM(B25:S25) -> 1192000
A26: 21st | B26: 250000 | C26: 191000 | D26: 143000 | E26: 26000 | F26: 167000 | G26: 24000 | H26: 112000 | I26: 106000 | J26: 17000 | O26: 30000 | Q26: 0 | R26: 0 | T26: =SUM(B26:S26) -> 1066000
A27: 22nd | B27: 274000 | C27: 234000 | D27: 115000 | E27: 23500 | F27: 211000 | G27: 0 | H27: 160000 | I27: 104500 | J27: 29500 | O27: 10000 | Q27: 0 | R27: 0 | T27: =SUM(B27:S27) -> 1161500
... A35: 30TH | B35: 262500 | C35: 210000 | D35: 169000 | E35: 15500 | F35: 185000 | G35: 12000 | H35: 200000 | I35: 92000 | J35: 10000 | O35: 5000 | Q35: 0 | R35: 0 | T35: =SUM(B35:S35) -> 1161000
A36: 31ST | B36: 301000 | C36: 167000 | D36: 162000 | E36: 26000 | F36: 179200 | G36: 0 | H36: 182000 | I36: 76000 | J36: 21000 | Q36: 0 | R36: 0 | T36: =SUM(B36:S36) -> 1114200 | U36: 1520000
A37: GRAND TOTAL | B37: =SUM(B6:B36) -> 6313500 | C37: =SUM(C6:C36) -> 4410000 | D37: =SUM(D6:D36) -> 3616000 | E37: =SUM(E6:E36) -> 617000 | F37: =SUM(F6:F36) -> 3936300 | G37: =SUM(G6:G36) -> 412000 | H37: =SUM(H6:H36) -> 3755500 | I37: =SUM(I6:I36) -> 2144500 | J37: =SUM(J6:J36) -> 508500 | O37: =SUM(O6:O36) -> 147000 | Q37: =SUM(Q6:Q36) -> 488500 | R37: =SUM(R6:R36) -> 4755000 | T37: =SUM(B37:S37) -> 31103800

Sheet WEEKLY SALES REPORT DEC.2024
A1: DATE: | B1: 1.12.2024 - 30.12.2024
A2: Product category | B2: Week 1 | C2: week 2 | D2: Week 3 | E2: Week 4 | F2: Week 5 | G2: TOTAL
A3: Non Alcholic | B3: 1492000 | C3: 975000 | D3: 1543000 | E3: 1740000 | F3: 563500 | G3: =SUM(B3:F3) -> 6313500
A4: Alcoholic | B4: 1045000 | C4: 488000 | D4: 981000 | E4: 1559000 | F4: 377000 | G4: =SUM(B4:F4) -> 4450000
A5: Fresh Products | B5: 699000 | C5: 796000 | D5: 679000 | E5: 1111000 | F5: 331000 | G5: =SUM(B5:F5) -> 3616000 | XFD5: =SUM(B5:XFC5) -> 7232000
A6: Ice creams | B6: 100500 | C6: 105500 | D6: 109500 | E6: 260000 | F6: 41500 | G6: =SUM(B6:F6) -> 617000
A7: Confectionery | B7: 796000 | C7: 808200 | D7: 855000 | E7: 1112900 | F7: 364200 | G7: =SUM(B7:F7) -> 3936300
A8: Tobacco | B8: 66000 | C8: 90000 | D8: 108000 | E8: 136000 | F8: 12000 | G8: =SUM(B8:F8) -> 412000
A9: Grocery | B9: 776500 | C9: 662000 | D9: 714000 | E9: 1221000 | F9: 382000 | G9: =SUM(B9:F9) -> 3755500
A10: Health & beauty | B10: 440000 | C10: 402000 | D10: 484500 | E10: 650000 | F10: 168000 | G10: =SUM(B10:F10) -> 2144500
A11: Bazaar | B11: 74000 | C11: 85000 | D11: 117500 | E11: 200000 | F11: 31000 | G11: =SUM(B11:F11) -> 507500
A12: Car Care | G12: =SUM(B12:E12) -> 0
A13: Car wash | G13: =SUM(B13:E13) -> 0
A14: Press | G14: =SUM(B14:E14) -> 0
A15: Lottery | G15: =SUM(B15:E15) -> 0
A16: Coffee | B16: 40000 | C16: 10000 | D16: 40000 | E16: 57000 | F16: 4000 | G16: =SUM(B16:F16) -> 151000
A17: Snacks | G17: =SUM(B17:E17) -> 0
A18: Lubricants in shop | G18: =SUM(B18:E18) -> 0
A19: Guichet unique | G19: =SUM(B19:E19) -> 0
A20: Total | B20: =SUM(B3:B19) -> 5529000 | C20: =SUM(C3:C19) -> 4421700 | D20: =SUM(D3:D19) -> 5631500 | E20: =SUM(E3:E19) -> 8046900 | F20: =SUM(F3:F19) -> 2274200 | G20: =SUM(G3:G19) -> 25903300
A23: Maintenance Issues & Challenges
A24: The Totem has been on and off for 2 months and yet fuels also supports abig % age on shop sales and this has also lowered on perfomance the fact that people think the station has no fuel.

Sheet DAIRY SALES REPORT JAN 2025
B1: TotalEnergies MARKETING UGANDA LIMITED
B2: SHOP WEEKLY REPORT (MTD)
B3: SHOP NAME | C3: TotalEnergies RWIZI
B4: MONTH
A5: DATE | B5: Non Alcholic | C5: Alcoholic | D5: Fresh products | E5: Ice cream | F5: Confectionery | G5: Tobacco | H5: Grocery | I5: Health & beauty | J5: Bazaar | K5: Car Care | L5: Car wash | M5: Press | N5: Lottery | O5: Coffee | P5: Snacks | Q5: Lubricants in shop | R5: Guichet | S5: Total T/O (Excluding Airtime, carwash,lubricants in shop) | T5: Global Total | U5: GUICHET BANKING
A6: 1st | B6: 149000 | C6: 57000 | D6: 90000 | E6: 23000 | F6: 120000 | G6: 12000 | H6: 64000 | I6: 40000 | J6: 11000 | O6: 0 | Q6: 46000 | R6: 0 | T6: =SUM(B6:S6) -> 612000
A7: 2nd | B7: 121500 | C7: 85000 | D7: 68000 | E7: 20000 | F7: 96000 | G7: 12000 | H7: 47000 | I7: 42000 | J7: 12000 | O7: 0 | Q7: 239000 | R7: 0 | T7: =SUM(B7:S7) -> 742500
A8: 3rd | B8: 210500 | C8: 95000 | D8: 109000 | E8: 30000 | F8: 106000 | G8: 12000 | H8: 81000 | I8: 161000 | J8: 26000 | O8: 16000 | Q8: 0 | R8: 300000 | T8: =SUM(B8:S8) -> 1146500
A9: 4th | B9: 267500 | C9: 172000 | D9: 107500 | E9: 38000 | F9: 67000 | G9: 0 | H9: 106000 | I9: 41000 | J9: 8000 | O9: 0 | Q9: 20000 | R9: -130000 | T9: =SUM(B9:S9) -> 697000
A10: 5th | B10: 97500 | C10: 50000 | D10: 86000 | E10: 15000 | F10: 65000 | G10: 0 | H10: 51000 | I10: 23000 | J10: 6000 | O10: 0 | Q10: 0 | R10: 300000 | T10: =SUM(B10:S10) -> 693500
A11: 6th | B11: 127000 | C11: 56000 | D11: 120000 | E11: 23000 | F11: 112000 | G11: 0 | H11: 75000 | I11: 20000 | J11: 0 | O11: 33000 | Q11: 23000 | R11: 100000 | T11: =SUM(B11:S11) -> 689000
A12: 7th | B12: 163500 | C12: 244000 | D12: 126000 | E12: 12000 | F12: 130000 | G12: 0 | H12: 156000 | I12: 46000 | J12: 9000 | O12: 6000 | Q12: 23000 | R12: 291000 | T12: =SUM(B12:S12) -> 1206500
A13: 8th | B13: 102000 | C13: 45000 | D13: 78000 | E13: 22000 | F13: 76000 | G13: 0 | H13: 137000 | I13: 98000 | J13: 23000 | O13: 0 | Q13: 0 | R13: 657000 | T13: =SUM(B13:S13) -> 1238000
A14: 9th | B14: 123000 | C14: 59000 | D14: 116000 | E14: 21000 | F14: 118300 | G14: 0 | H14: 95000 | I14: 43000 | J14: 7000 | O14: 10000 | Q14: 20500 | R14: 435000 | T14: =SUM(B14:S14) -> 1047800 | U14: 1300000
A15: 10th | B15: 154500 | C15: 232000 | D15: 134000 | E15: 12000 | F15: 127000 | G15: 0 | H15: 204000 | I15: 79000 | J15: 9000 | O15: 6000 | Q15: 23000 | R15: 0 | T15: =SUM(B15:S15) -> 980500
A16: 11th | B16: 121000 | C16: 124000 | D16: 129000 | E16: 31000 | F16: 128000 | G16: 6000 | H16: 162000 | I16: 90000 | J16: 12000 | O16: 0 | Q16: 0 | R16: 35000 | T16: =SUM(B16:S16) -> 838000
A17: 12th | B17: 89000 | C17: 77000 | D17: 63000 | E17: 21000 | F17: 68000 | G17: 6000 | H17: 41000 | I17: 41000 | J17: 6000 | O17: 0 | Q17: 135500 | R17: 251000 | T17: =SUM(B17:S17) -> 798500
A18: 13th | B18: 191000 | C18: 105000 | D18: 109000 | E18: 12000 | F18: 70300 | G18: 12000 | H18: 92000 | I18: 68000 | J18: 7000 | O18: 0 | Q18: 0 | R18: 50000 | T18: =SUM(B18:S18) -> 716300
A19: 14th | B19: 151000 | C19: 32000 | D19: 65000 | E19: 25000 | F19: 56000 | G19: 0 | H19: 73000 | I19: 35000 | J19: 8000 | O19: 0 | Q19: 78000 | R19: 0 | T19: =SUM(B19:S19) -> 523000
A20: 15th | B20: 73000 | C20: 77000 | D20: 96000 | E20: 10500 | F20: 81000 | G20: 0 | H20: 45000 | I20: 27000 | J20: 0 | O20: 0 | Q20: 0 | R20: 0 | T20: =SUM(B20:S20) -> 409500
A21: 16TH | B21: 177500 | C21: 29000 | D21: 61000 | E21: 5000 | F21: 62000 | G21: 12000 | H21: 74000 | I21: 24000 | J21: 3000 | O21: 0 | Q21: 0 | R21: 10000 | T21: =SUM(B21:S21) -> 457500
A22: 17th | B22: 270000 | C22: 120000 | D22: 93000 | E22: 16000 | F22: 92000 | G22: 0 | H22: 140000 | I22: 38000 | J22: 18000 | O22: 0 | Q22: 0 | R22: 7000 | T22: =SUM(B22:S22) -> 794000
A23: 18th | B23: 247000 | C23: 141000 | D23: 71000 | E23: 0 | F23: 108000 | G23: 12000 | H23: 82000 | I23: 41000 | J23: 10000 | O23: 13000 | Q23: 0 | R23: 0 | T23: =SUM(B23:S23) -> 725000
A24: 19th | B24: 112000 | C24: 71000 | D24: 94000 | E24: 8000 | F24: 118000 | G24: 0 | H24: 98000 | I24: 94000 | J24: 5000 | O24: 0 | Q24: 278000 | R24: 0 | T24: =SUM(B24:S24) -> 878000
A25: 20th | B25: 96000 | C25: 17000 | D25: 74000 | E25: 21000 | F25: 79700 | G25: 0 | H25: 61000 | I25: 30000 | J25: 6000 | O25: 0 | Q25: 23000 | R25: 0 | T25: =SUM(B25:S25) -> 407700
A26: 21st | B26: 100000 | C26: 46000 | D26: 111000 | E26: 18000 | F26: 94000 | G26: 0 | H26: 94500 | I26: 48000 | J26: 9000 | O26: 0 | Q26: 0 | R26: 0 | T26: =SUM(B26:S26) -> 520500
... A36: 31ST | B36: 230000 | C36: 78000 | D36: 172000 | E36: 9000 | F36: 145000 | G36: 12000 | H36: 26000 | I36: 30000 | J36: 0 | O36: 6000 | Q36: 20500 | R36: 0 | T36: =SUM(B36:S36) -> 728500
A37: GRAND TOTAL | B37: =SUM(B6:B36) -> 4735500 | C37: =SUM(C6:C36) -> 2885000 | D37: =SUM(D6:D36) -> 2991500 | E37: =SUM(E6:E36) -> 527000 | F37: =SUM(F6:F36) -> 3057900 | G37: =SUM(G6:G36) -> 132000 | H37: =SUM(H6:H36) -> 2697500 | I37: =SUM(I6:I36) -> 1592000 | J37: =SUM(J6:J36) -> 255000 | O37: =SUM(O6:O36) -> 153000 | Q37: =SUM(Q6:Q36) -> 1138500 | R37: =SUM(R6:R36) -> 4188000 | T37: =SUM(B37:S37) -> 24352900

Sheet WEEKLY SHOP REPORT JAN 2025
A1: DATE: | B1: 1.1.2025 - 31.1.2025
A2: Product category | B2: Week 1 | C2: week 2 | D2: Week 3 | E2: Week 4 | F2: Week 5 | G2: TOTAL
A3: Non Alcholic | B3: 748500 | C3: 888500 | D3: 1198500 | E3: 851500 | F3: 1048500 | G3: =SUM(B3:F3) -> 4735500
A4: Alcoholic | B4: 409000 | C4: 810000 | D4: 581000 | E4: 627000 | F4: 458000 | G4: =SUM(B4:F4) -> 2885000
A5: Fresh Products | B5: 374500 | C5: 789000 | D5: 558000 | E5: 731000 | F5: 539000 | G5: =SUM(B5:F5) -> 2991500
A6: Ice creams | B6: 111000 | C6: 136000 | D6: 89500 | E6: 114500 | F6: 76000 | G6: =SUM(B6:F6) -> 527000
A7: Confectionery | B7: 389000 | C7: 756300 | D7: 537300 | E7: 929300 | F7: 446000 | G7: =SUM(B7:F7) -> 3057900
A8: Tobacco | B8: 6000 | C8: 6000 | D8: 42000 | E8: 24000 | F8: 24000 | G8: =SUM(B8:F8) -> 102000
A9: Grocery | B9: 298000 | C9: 880000 | D9: 547000 | E9: 676500 | F9: 296000 | G9: =SUM(B9:F9) -> 2697500
A10: Health & beauty | B10: 284000 | C10: 399000 | D10: 274000 | E10: 361000 | F10: 274000 | G10: =SUM(B10:F10) -> 1592000
A11: Bazaar | B11: 57000 | C11: 66000 | D11: 52000 | E11: 63000 | F11: 17000 | G11: =SUM(B11:F11) -> 255000
A12: Car Care | G12: =SUM(B12:E12) -> 0
A13: Car wash | G13: =SUM(B13:E13) -> 0
A14: Press | G14: =SUM(B14:E14) -> 0
A15: Lottery | G15: =SUM(B15:E15) -> 0
A16: Coffee | B16: 16000 | C16: 55000 | D16: 13000 | E16: 101000 | F16: 23000 | G16: =SUM(B16:F16) -> 208000
A17: Snacks | G17: =SUM(B17:E17) -> 0
A18: Lubricants in shop | G18: =SUM(B18:E18) -> 0
A19: Guichet unique | G19: =SUM(B19:E19) -> 0
A20: Total | B20: =SUM(B3:B19) -> 2693000 | C20: =SUM(C3:C19) -> 4785800 | D20: =SUM(D3:D19) -> 3892300 | E20: =SUM(E3:E19) -> 4478800 | F20: =SUM(F3:F19) -> 3201500 | G20: =SUM(G3:G19) -> 19051400
A23: Maintenance Issues & Challenges
A24: In the first days of the months up to 20th.01.2025 we has achallege of TOTEM OFF and this affects all sales since our cliets of fuel are the ones that support shop . But this was resolved so hope for improvement.

Sheet DAILY  SALES REPORT FEB.2025
B1: TotalEnergies MARKETING UGANDA LIMITED
B2: SHOP WEEKLY REPORT (MTD)
B3: SHOP NAME | C3: TotalEnergies RWIZI | G3: FEB.2025
B4: MONTH
A5: DATE | B5: Non Alcholic | C5: Alcoholic | D5: Fresh products | E5: Ice cream | F5: Confectionery | G5: Tobacco | H5: Grocery | I5: Health & beauty | J5: Bazaar | K5: Car Care | L5: Car wash | M5: Press | N5: Lottery | O5: Coffee | P5: Snacks | Q5: Lubricants in shop | R5: Guichet | S5: Total T/O (Excluding Airtime, carwash,lubricants in shop) | T5: Global Total | U5: GUICHET BANKING
A6: 1st | B6: 163000 | C6: 92000 | D6: 112000 | E6: 12000 | F6: 182100 | G6: 0 | H6: 175000 | I6: 85000 | J6: 4000 | O6: 24000 | Q6: 0 | R6: 150000 | T6: =SUM(B6:S6) -> 999100
A7: 2nd | B7: 201000 | C7: 48000 | D7: 103000 | E7: 22000 | F7: 169000 | G7: 24000 | H7: 106000 | I7: 25000 | J7: 3000 | O7: 6000 | Q7: 23000 | R7: 0 | T7: =SUM(B7:S7) -> 730000
A8: 3rd | B8: 214000 | C8: 116000 | D8: 77000 | E8: 14000 | F8: 81000 | G8: 36000 | H8: 94000 | I8: 46000 | J8: 6000 | O8: 16000 | Q8: 0 | R8: 11000 | T8: =SUM(B8:S8) -> 711000
A9: 4th | B9: 131000 | C9: 38000 | D9: 105000 | E9: 0 | F9: 110800 | G9: 0 | H9: 60000 | I9: 38000 | J9: 6000 | O9: 0 | Q9: 0 | R9: 0 | T9: =SUM(B9:S9) -> 488800
A10: 5th | B10: 112000 | C10: 53000 | D10: 93000 | E10: 7000 | F10: 89000 | G10: 12000 | H10: 82000 | I10: 50000 | J10: 9000 | O10: 0 | Q10: 239000 | R10: 0 | T10: =SUM(B10:S10) -> 746000
A11: 6th | B11: 112000 | C11: 240000 | D11: 107000 | E11: 30000 | F11: 130900 | G11: 0 | H11: 99000 | I11: 72000 | J11: 11000 | O11: 11000 | Q11: 46000 | R11: 23000 | T11: =SUM(B11:S11) -> 881900
A12: 7th | B12: 91000 | C12: 62000 | D12: 79000 | E12: 9500 | F12: 80000 | G12: 12000 | H12: 66000 | I12: 69000 | J12: 3000 | O12: 6000 | Q12: 23000 | R12: 28000 | T12: =SUM(B12:S12) -> 528500
A13: 8th | B13: 94000 | C13: 61000 | D13: 84000 | E13: 10500 | F13: 118000 | G13: 12000 | H13: 72000 | I13: 43000 | J13: 7000 | O13: 18000 | Q13: 0 | R13: -100000 | T13: =SUM(B13:S13) -> 419500
A14: 9th | B14: 233000 | C14: 109000 | D14: 68000 | E14: 41500 | F14: 92000 | G14: 12000 | H14: 82000 | I14: 61000 | J14: 11000 | O14: 30000 | Q14: 0 | R14: 105000 | T14: =SUM(B14:S14) -> 844500
A15: 10th | B15: 177000 | C15: 48000 | D15: 82000 | E15: 17000 | F15: 67500 | G15: 12000 | H15: 56000 | I15: 41000 | J15: 7000 | O15: 0 | Q15: 23000 | R15: 0 | T15: =SUM(B15:S15) -> 530500
A16: 11th | B16: 201500 | C16: 47000 | D16: 57000 | E16: 14000 | F16: 61000 | G16: 30000 | H16: 32000 | I16: 40000 | J16: 13000 | O16: 12000 | Q16: 0 | R16: 0 | T16: =SUM(B16:S16) -> 507500
A17: 12th | B17: 168000 | C17: 68000 | D17: 86000 | E17: 24000 | F17: 102000 | G17: 24000 | H17: 46000 | I17: 92000 | J17: 12000 | O17: 6000 | Q17: 0 | R17: 0 | T17: =SUM(B17:S17) -> 628000
... A33: 28th | B33: 364000 | C33: 672000 | D33: 156000 | E33: 30000 | F33: 143100 | G33: 24000 | H33: 141000 | I33: 96000 | J33: 21000 | O33: 10000 | Q33: 0 | R33: 0 | T33: =SUM(B33:S33) -> 1657100
A34: 29th | T34: =SUM(B34:S34) -> 0
A35: 30TH | T35: =SUM(B35:S35) -> 0
A36: 31ST | T36: =SUM(B36:S36) -> 0
A37: GRAND TOTAL | B37: =SUM(B6:B36) -> 4949000 | C37: =SUM(C6:C36) -> 2951000 | D37: =SUM(D6:D36) -> 2678000 | E37: =SUM(E6:E36) -> 580000 | F37: =SUM(F6:F36) -> 3088700 | G37: =SUM(G6:G36) -> 390000 | H37: =SUM(H6:H36) -> 2523000 | I37: =SUM(I6:I36) -> 1694000 | J37: =SUM(J6:J36) -> 248000 | O37: =SUM(O6:O36) -> 185000 | Q37: =SUM(Q6:Q36) -> 838000 | R37: =SUM(R6:R36) -> 244400 | T37: =SUM(B37:S37) -> 20369100

Sheet WEEKLY SALES REPORT FEB .2025
A1: DATE: | B1: 1.2.2025 - 28.2.2025
A2: Product category | B2: Week 1 | C2: week 2 | D2: Week 3 | E2: Week 4 | F2: Week 5 | G2: TOTAL
A3: Non Alcholic | B3: 163000 | C3: 955000 | D3: 1460000 | E3: 1001500 | F3: 1369500 | G3: =SUM(B3:F3) -> 4949000
A4: Alcoholic | B4: 92000 | C4: 618000 | D4: 632000 | E4: 431000 | F4: 1178000 | G4: =SUM(B4:F4) -> 2951000
A5: Fresh Products | B5: 112000 | C5: 648000 | D5: 520000 | E5: 744500 | F5: 653500 | G5: =SUM(B5:F5) -> 2678000
A6: Ice creams | B6: 12000 | C6: 93000 | D6: 225500 | E6: 110500 | F6: 139000 | G6: =SUM(B6:F6) -> 580000
A7: Confectionery | B7: 182100 | C7: 778700 | D7: 665000 | E7: 871500 | F7: 591400 | G7: =SUM(B7:F7) -> 3088700
A8: Tobacco | B8: 0 | C8: 96000 | D8: 150000 | E8: 90000 | F8: 54000 | G8: =SUM(B8:F8) -> 390000
A9: Grocery | B9: 175000 | C9: 579000 | D9: 535000 | E9: 767000 | F9: 467000 | G9: =SUM(B9:F9) -> 2523000
A10: Health & beauty | B10: 85000 | C10: 343000 | D10: 380000 | E10: 525000 | F10: 361000 | G10: =SUM(B10:F10) -> 1694000
A11: Bazaar | B11: 4000 | C11: 45000 | D11: 68000 | E11: 76000 | F11: 55000 | G11: =SUM(B11:F11) -> 248000
A12: Car Care | G12: =SUM(B12:E12) -> 0
A13: Car wash | G13: =SUM(B13:E13) -> 0
A14: Press | G14: =SUM(B14:E14) -> 0
A15: Lottery | G15: =SUM(B15:E15) -> 0
A16: Coffee | B16: 24000 | C16: 57000 | D16: 48000 | E16: 11000 | F16: 45000 | G16: =SUM(B16:F16) -> 185000
A17: Snacks | G17: =SUM(B17:E17) -> 0
A18: Lubricants in shop | G18: =SUM(B18:E18) -> 0
A19: Guichet unique | G19: =SUM(B19:E19) -> 0
A20: Total | B20: =SUM(B3:B19) -> 849100 | C20: =SUM(C3:C19) -> 4212700 | D20: =SUM(D3:D19) -> 4683500 | E20: =SUM(E3:E19) -> 4628000 | F20: =SUM(F3:F19) -> 4913400 | G20: =SUM(G3:G19) -> 19286700
A23: Maintenance Issues & Challenges
A24: The financial crysis has been so high and this affected us so much and more the months days were less. But we hope to perfom better other coming months

Sheet DAILY  SALES REPORT MAR.2025
B1: TotalEnergies MARKETING UGANDA LIMITED
B2: SHOP WEEKLY REPORT (MTD)
B3: SHOP NAME | C3: TotalEnergies RWIZI | G3: March.2025
B4: MONTH
A5: DATE | B5: Non Alcholic | C5: Alcoholic | D5: Fresh products | E5: Ice cream | F5: Confectionery | G5: Tobacco | H5: Grocery | I5: Health & beauty | J5: Bazaar | K5: Car Care | L5: Car wash | M5: Press | N5: Lottery | O5: Coffee | P5: Snacks | Q5: Lubricants in shop | R5: Guichet | S5: Total T/O (Excluding Airtime, carwash,lubricants in shop) | T5: Global Total | U5: GUICHET BANKING
A6: 1st | B6: 161000 | C6: 146000 | D6: 121000 | E6: 22000 | F6: 131000 | G6: 0 | H6: 106000 | I6: 30000 | J6: 0 | O6: 12000 | Q6: 0 | R6: 0 | T6: =SUM(B6:S6) -> 729000
A7: 2nd | B7: 133000 | C7: 44000 | D7: 109000 | E7: 28000 | F7: 103400 | G7: 12000 | H7: 92000 | I7: 38000 | J7: 6000 | O7: 0 | Q7: 0 | R7: 0 | T7: =SUM(B7:S7) -> 565400
A8: 3rd | B8: 113000 | C8: 36000 | D8: 70000 | E8: 16000 | F8: 103000 | G8: 24000 | H8: 79000 | I8: 52000 | J8: 20000 | O8: 0 | Q8: 0 | R8: 2000 | T8: =SUM(B8:S8) -> 515000
A9: 4th | B9: 121000 | C9: 17000 | D9: 113000 | E9: 10000 | F9: 109000 | G9: 0 | H9: 112000 | I9: 35000 | J9: 13000 | O9: 0 | Q9: 0 | R9: 262000 | T9: =SUM(B9:S9) -> 792000
A10: 5th | B10: 103000 | C10: 55000 | D10: 80000 | E10: 22000 | F10: 105000 | G10: 0 | H10: 57000 | I10: 42000 | J10: 12000 | O10: 5000 | Q10: 0 | R10: 126000 | T10: =SUM(B10:S10) -> 607000
A11: 6th | B11: 132000 | C11: 34000 | D11: 116000 | E11: 25000 | F11: 115700 | G11: 0 | H11: 117000 | I11: 51000 | J11: 3000 | O11: 0 | Q11: 0 | R11: 765000 | T11: =SUM(B11:S11) -> 1358700 | U11: 1000000
A12: 7th | B12: 103000 | C12: 161000 | D12: 103000 | E12: 45000 | F12: 79000 | G12: 0 | H12: 85000 | I12: 47000 | J12: 0 | O12: 0 | Q12: 0 | R12: 4000 | T12: =SUM(B12:S12) -> 627000
A13: 8th | B13: 135000 | C13: 52000 | D13: 136000 | E13: 16000 | F13: 107500 | G13: 0 | H13: 105000 | I13: 51000 | J13: 6000 | O13: 0 | Q13: 195500 | R13: 150000 | T13: =SUM(B13:S13) -> 954000
A14: 9th | B14: 119000 | C14: 151000 | D14: 72000 | E14: 0 | F14: 101000 | G14: 0 | H14: 92000 | I14: 6000 | J14: 4000 | O14: 11000 | Q14: 155000 | R14: 150000 | T14: =SUM(B14:S14) -> 861000
A15: 10th | B15: 224500 | C15: 96000 | D15: 63000 | E15: 20500 | F15: 93000 | G15: 24000 | H15: 82000 | I15: 41000 | J15: 6000 | O15: 0 | Q15: 119000 | R15: 123000 | T15: =SUM(B15:S15) -> 892000
A16: 11th | B16: 153000 | C16: 29000 | D16: 62000 | E16: 15000 | F16: 56800 | G16: 0 | H16: 44000 | I16: 35000 | J16: 6000 | O16: 0 | Q16: 102500 | R16: 0 | T16: =SUM(B16:S16) -> 503300
A17: 12th | B17: 177500 | C17: 90000 | D17: 62000 | E17: 7500 | F17: 93000 | G17: 0 | H17: 76000 | I17: 63000 | J17: 0 | O17: 0 | Q17: 195500 | R17: 0 | T17: =SUM(B17:S17) -> 764500
A18: 13th | B18: 164000 | C18: 42000 | D18: 76000 | E18: 30000 | F18: 51700 | G18: 0 | H18: 82000 | I18: 41000 | J18: 0 | O18: 0 | Q18: 119500 | R18: 13000 | T18: =SUM(B18:S18) -> 619200
A19: 14th | B19: 193000 | C19: 52000 | D19: 63000 | E19: 15000 | F19: 142000 | G19: 24000 | H19: 41000 | I19: 50000 | J19: 16000 | O19: 0 | Q19: 156000 | R19: 225000 | T19: =SUM(B19:S19) -> 977000
A20: 15th | B20: 200000 | C20: 100000 | D20: 98000 | E20: 15000 | F20: 72000 | G20: 24000 | H20: 107000 | I20: 74000 | J20: 17000 | O20: 12000 | Q20: 23000 | R20: 0 | T20: =SUM(B20:S20) -> 742000
A21: 16TH | B21: 112000 | C21: 50000 | D21: 79000 | E21: 11000 | F21: 117000 | G21: 12000 | H21: 74000 | I21: 64000 | J21: 3000 | O21: 0 | Q21: 78000 | R21: 0 | T21: =SUM(B21:S21) -> 600000
A22: 17th | B22: 113000 | C22: 169000 | D22: 113000 | E22: 19000 | F22: 117500 | G22: 12000 | H22: 80000 | I22: 51000 | J22: 3000 | O22: 0 | Q22: 215500 | R22: 0 | T22: =SUM(B22:S22) -> 893000
A23: 18th | B23: 109000 | C23: 118000 | D23: 82000 | E23: 8500 | F23: 86000 | G23: 18000 | H23: 49000 | I23: 67000 | J23: 4000 | O23: 7000 | Q23: 23000 | R23: 60000 | T23: =SUM(B23:S23) -> 631500
... A34: 29th | B34: 251000 | C34: 302000 | D34: 67000 | E34: 16000 | F34: 92600 | G34: 16000 | H34: 62000 | I34: 94000 | J34: 13000 | O34: 0 | Q34: 41000 | R34: 24000 | T34: =SUM(B34:S34) -> 978600
A35: 30TH | B35: 170000 | C35: 75000 | D35: 81000 | E35: 15000 | F35: 60000 | G35: 12000 | H35: 61000 | I35: 31000 | J35: 0 | O35: 0 | Q35: 0 | R35: 2962000 | T35: =SUM(B35:S35) -> 3467000 | U35: 2000000
A36: 31ST | B36: 141000 | C36: 109000 | D36: 116000 | E36: 28000 | F36: 103700 | G36: 70000 | H36: 83000 | I36: 75000 | J36: 18000 | O36: 0 | Q36: 0 | R36: 11000 | T36: =SUM(B36:S36) -> 754700
A37: GRAND TOTAL | B37: =SUM(B6:B36) -> 5007500 | C37: =SUM(C6:C36) -> 2679000 | D37: =SUM(D6:D36) -> 2825500 | E37: =SUM(E6:E36) -> 546500 | F37: =SUM(F6:F36) -> 3072400 | G37: =SUM(G6:G36) -> 327000 | H37: =SUM(H6:H36) -> 2601000 | I37: =SUM(I6:I36) -> 1720000 | J37: =SUM(J6:J36) -> 225000 | O37: =SUM(O6:O36) -> 65000 | Q37: =SUM(Q6:Q36) -> 1816500 | R37: =SUM(R6:R36) -> 9913000 | T37: =SUM(B37:S37) -> 30798400

Sheet WEEKLY SALES REPORT MARCH  2025
A1: DATE: | B1: 1.3.2025 - 31.3.2025
A2: Product category | B2: Week 1 | C2: week 2 | D2: Week 3 | E2: Week 4 | F2: Week 5 | G2: TOTAL
A3: Non Alcholic | B3: 866000 | C3: 1166000 | D3: 977000 | E3: 1436500 | F3: 562000 | G3: =SUM(B3:F3) -> 5007500
A4: Alcoholic | B4: 493000 | C4: 512000 | D4: 649000 | E4: 539000 | F4: 475000 | G4: =SUM(B4:F4) -> 2668000
A5: Fresh Products | B5: 712000 | C5: 534000 | D5: 685000 | E5: 630500 | F5: 264000 | G5: =SUM(B5:F5) -> 2825500
A6: Ice creams | B6: 168000 | C6: 104000 | D6: 96000 | E6: 119500 | F6: 59000 | G6: =SUM(B6:F6) -> 546500
A7: Confectionery | B7: 746100 | C7: 654000 | D7: 711500 | E7: 713500 | F7: 256300 | G7: =SUM(B7:F7) -> 3081400
A8: Tobacco | B8: 36000 | C8: 48000 | D8: 105000 | E8: 43000 | F8: 98000 | G8: =SUM(B8:F8) -> 330000
A9: Grocery | B9: 648000 | C9: 522000 | D9: 574000 | E9: 651000 | F9: 206000 | G9: =SUM(B9:F9) -> 2601000
A10: Health & beauty | B10: 295000 | C10: 287000 | D10: 475000 | E10: 463000 | F10: 200000 | G10: =SUM(B10:F10) -> 1720000
A11: Bazaar | B11: 54000 | C11: 38000 | D11: 42000 | E11: 60000 | F11: 31000 | G11: =SUM(B11:F11) -> 225000
A12: Car Care | G12: =SUM(B12:E12) -> 0
A13: Car wash | G13: =SUM(B13:E13) -> 0
A14: Press | G14: =SUM(B14:E14) -> 0
A15: Lottery | G15: =SUM(B15:E15) -> 0
A16: Coffee | B16: 25000 | C16: 6000 | D16: 11000 | E16: 16000 | F16: 7000 | G16: =SUM(B16:F16) -> 65000
A17: Snacks | G17: =SUM(B17:E17) -> 0
A18: Lubricants in shop | G18: =SUM(B18:E18) -> 0
A19: Guichet unique | G19: =SUM(B19:E19) -> 0
A20: Total | B20: =SUM(B3:B19) -> 4043100 | C20: =SUM(C3:C19) -> 3871000 | D20: =SUM(D3:D19) -> 4325500 | E20: =SUM(E3:E19) -> 4672000 | F20: =SUM(F3:F19) -> 2158300 | G20: =SUM(G3:G19) -> 19069900
A23: Maintenance Issues & Challenges
A24: The shop prfomance has not been good due fasting season but we hope to improve.thank you.

Sheet DAILY SALES REPORT FOR APRIL 20
B1: TotalEnergies MARKETING UGANDA LIMITED
B2: SHOP WEEKLY REPORT (MTD)
B3: SHOP NAME | C3: TotalEnergies RWIZI | G3: APRIL .2025
B4: MONTH
A5: DATE | B5: Non Alcholic | C5: Alcoholic | D5: Fresh products | E5: Ice cream | F5: Confectionery | G5: Tobacco | H5: Grocery | I5: Health & beauty | J5: Bazaar | K5: Car Care | L5: Car wash | M5: Press | N5: Lottery | O5: Coffee | P5: Snacks | Q5: Lubricants in shop | R5: Guichet | S5: Total T/O (Excluding Airtime, carwash,lubricants in shop) | T5: Global Total
A6: 1st | B6: 113000 | C6: 38000 | D6: 61000 | E6: 12000 | F6: 80000 | G6: 0 | H6: 45000 | I6: 25000 | J6: 9000 | O6: 0 | Q6: 0 | R6: 0 | T6: =SUM(B6:S6) -> 383000
A7: 2nd | B7: 146000 | C7: 31000 | D7: 83000 | E7: 19000 | F7: 105000 | G7: 0 | H7: 80000 | I7: 27000 | J7: 9000 | O7: 0 | Q7: 23000 | R7: 0 | T7: =SUM(B7:S7) -> 523000
A8: 3rd | B8: 75000 | C8: 64000 | D8: 40000 | E8: 6000 | F8: 60500 | G8: 0 | H8: 33000 | I8: 25000 | J8: 10000 | O8: 0 | Q8: 0 | R8: 0 | T8: =SUM(B8:S8) -> 313500
A9: 4th | B9: 186000 | C9: 75000 | D9: 48000 | E9: 4000 | F9: 62000 | G9: 12000 | H9: 63000 | I9: 55000 | J9: 8000 | O9: 0 | Q9: 46000 | R9: 0 | T9: =SUM(B9:S9) -> 559000
A10: 5th | B10: 197000 | C10: 168000 | D10: 97000 | E10: 21000 | F10: 86400 | G10: 24000 | H10: 57000 | I10: 56000 | J10: 3000 | O10: 0 | Q10: 0 | R10: 83000 | T10: =SUM(B10:S10) -> 792400
A11: 6th | B11: 96000 | C11: 200000 | D11: 72000 | E11: 6000 | F11: 63900 | G11: 0 | H11: 117000 | I11: 77000 | J11: 4000 | O11: 0 | Q11: 184500 | R11: 68000 | T11: =SUM(B11:S11) -> 888400
A12: 7th | B12: 188000 | C12: 125000 | D12: 81000 | E12: 10000 | F12: 101500 | G12: 12000 | H12: 73000 | I12: 62000 | J12: 16000 | O12: 0 | Q12: 319500 | R12: 0 | T12: =SUM(B12:S12) -> 988000
A13: 8th | B13: 179000 | C13: 89000 | D13: 51000 | E13: 26000 | F13: 76100 | G13: 0 | H13: 71000 | I13: 38000 | J13: 14000 | O13: 0 | Q13: 0 | R13: 0 | T13: =SUM(B13:S13) -> 544100
A14: 9th | B14: 214000 | C14: 98000 | D14: 74000 | E14: 24000 | F14: 90500 | G14: 0 | H14: 60000 | I14: 31000 | J14: 10000 | O14: 0 | Q14: 23000 | R14: 0 | T14: =SUM(B14:S14) -> 624500
A15: 10th | B15: 185500 | C15: 380000 | D15: 66000 | E15: 18000 | F15: 66000 | G15: 12000 | H15: 75000 | I15: 32000 | J15: 21000 | O15: 0 | Q15: 46000 | R15: 0 | T15: =SUM(B15:S15) -> 901500
A16: 11th | B16: 220000 | C16: 206000 | D16: 109000 | E16: 18000 | F16: 104900 | G16: 12000 | H16: 61000 | I16: 56000 | J16: 15000 | O16: 0 | Q16: 135000 | R16: 0 | T16: =SUM(B16:S16) -> 936900
A17: 12th | B17: 210000 | C17: 200000 | D17: 98000 | E17: 19000 | F17: 82600 | G17: 24000 | H17: 86000 | I17: 57000 | J17: 25000 | O17: 0 | Q17: 0 | R17: 0 | T17: =SUM(B17:S17) -> 801600
... A22: 17th | B22: 190000 | C22: 246000 | D22: 98000 | E22: 6000 | F22: 166800 | G22: 24000 | H22: 104000 | I22: 72000 | J22: 15000 | O22: 0 | Q22: 0 | R22: 0 | T22: =SUM(B22:S22) -> 921800
A23: 18th | B23: 232000 | C23: 110000 | D23: 151000 | E23: 24000 | F23: 113800 | G23: 12000 | H23: 127000 | I23: 121000 | J23: 10000 | Q23: 0 | R23: 0 | T23: =SUM(B23:S23) -> 900800
A24: 19th | B24: 252500 | C24: 214000 | D24: 169000 | E24: 9000 | F24: 139000 | G24: 24000 | H24: 154000 | I24: 102000 | J24: 15000 | O24: 0 | Q24: 46000 | R24: 0 | T24: =SUM(B24:S24) -> 1124500
A25: 20th | B25: 199000 | C25: 118000 | D25: 143000 | E25: 46000 | F25: 155000 | G25: 0 | H25: 157000 | I25: 71500 | J25: 12000 | O25: 22000 | Q25: 0 | R25: 0 | T25: =SUM(B25:S25) -> 923500
A26: 21st | B26: 205000 | C26: 102000 | D26: 67000 | E26: 16000 | F26: 74500 | G26: 12000 | H26: 112000 | I26: 109000 | J26: 9000 | O26: 0 | Q26: 0 | R26: 0 | T26: =SUM(B26:S26) -> 706500
A27: 22nd | B27: 138000 | C27: 82000 | D27: 56000 | E27: 10000 | F27: 60000 | G27: 12000 | H27: 88000 | I27: 57000 | J27: 0 | O27: 0 | Q27: 46000 | R27: 0 | T27: =SUM(B27:S27) -> 549000
A28: 23rd | B28: 182500 | C28: 48000 | D28: 51000 | E28: 2500 | F28: 52000 | G28: 0 | H28: 41000 | I28: 30000 | J28: 7000 | O28: 0 | Q28: 0 | R28: 62000 | T28: =SUM(B28:S28) -> 476000
A29: 24th | B29: 178000 | C29: 81000 | D29: 56000 | E29: 36000 | F29: 72100 | G29: 0 | H29: 70000 | I29: 51000 | J29: 5000 | O29: 6000 | Q29: 0 | R29: 42000 | T29: =SUM(B29:S29) -> 597100
A30: 25th | B30: 225000 | C30: 92000 | D30: 101000 | E30: 10000 | F30: 86200 | G30: 12000 | H30: 97000 | I30: 56000 | J30: 46000 | O30: 0 | Q30: 73000 | R30: 656000 | T30: =SUM(B30:S30) -> 1454200
A31: 26th | B31: 252000 | C31: 492000 | D31: 131000 | E31: 30000 | F31: 108000 | G31: 24000 | H31: 72000 | I31: 91000 | J31: 10000 | O31: 0 | Q31: 156000 | R31: 50000 | T31: =SUM(B31:S31) -> 1416000
A32: 27th | B32: 195000 | C32: 91000 | D32: 122000 | E32: 14000 | F32: 104000 | G32: 12000 | H32: 97000 | I32: 55000 | J32: 3000 | O32: 0 | Q32: 23000 | R32: 0 | T32: =SUM(B32:S32) -> 716000
A33: 28th | B33: 162000 | C33: 50000 | D33: 123000 | E33: 18000 | F33: 109000 | G33: 12000 | H33: 86000 | I33: 60000 | J33: 10000 | O33: 0 | Q33: 405500 | R33: 8000 | T33: =SUM(B33:S33) -> 1043500
A34: 29th | B34: 106000 | C34: 17000 | D34: 78000 | E34: 20000 | F34: 74000 | G34: 12000 | H34: 73000 | I34: 38000 | J34: 3000 | O34: 0 | R34: 0 | T34: =SUM(B34:S34) -> 421000
A35: 30TH | B35: 271000 | C35: 223000 | D35: 166000 | E35: 51000 | F35: 186000 | G35: 24000 | H35: 119000 | I35: 87000 | J35: 34000 | O35: 17000 | R35: 0 | T35: =SUM(B35:S35) -> 1178000
A36: 31ST | T36: =SUM(B36:S36) -> 0
A37: GRAND TOTAL | B37: =SUM(B6:B36) -> 5287500 | C37: =SUM(C6:C36) -> 3910000 | D37: =SUM(D6:D36) -> 2805000 | E37: =SUM(E6:E36) -> 496500 | F37: =SUM(F6:F36) -> 2833900 | G37: =SUM(G6:G36) -> 324000 | H37: =SUM(H6:H36) -> 2504000 | I37: =SUM(I6:I36) -> 1700500 | J37: =SUM(J6:J36) -> 391000 | O37: =SUM(O6:O36) -> 45000 | Q37: =SUM(Q6:Q36) -> 1745000 | R37: =SUM(R6:R36) -> 976000 | T37: =SUM(B37:S37) -> 23018400

Sheet WEEKLY SALES REPORT FOR APRRIL 
A1: DATE: | B1: 1.4.2025 - 30.4.2025
A2: Product category | B2: Week 1 | C2: week 2 | D2: Week 3 | E2: Week 4 | F2: Week 5 | G2: TOTAL
A3: Non Alcholic | B3: 717000 | C3: 1292500 | D3: 1164500 | E3: 1379500 | F3: 734000 | G3: =SUM(B3:F3) -> 5287500
A4: Alcoholic | B4: 376000 | C4: 1298000 | D4: 840000 | E4: 1015000 | F4: 381000 | G4: =SUM(B4:F4) -> 3910000
A5: Fresh Products | B5: 329000 | C5: 551000 | D5: 831000 | E5: 605000 | F5: 489000 | G5: =SUM(B5:F5) -> 2805000
A6: Ice creams | B6: 62000 | C6: 121000 | D6: 60000 | E6: 150500 | F6: 103000 | G6: =SUM(B6:F6) -> 496500
A7: Confectionery | B7: 393900 | C7: 585500 | D7: 773700 | E7: 607800 | F7: 473000 | G7: =SUM(B7:F7) -> 2833900
A8: Tobacco | B8: 36000 | C8: 60000 | D8: 108000 | E8: 60000 | F8: 60000 | G8: =SUM(B8:F8) -> 324000
A9: Grocery | B9: 278000 | C9: 543000 | D9: 671000 | E9: 637000 | F9: 375000 | G9: =SUM(B9:F9) -> 2504000
A10: Health & beauty | B10: 188000 | C10: 353000 | D10: 454000 | E10: 465500 | F10: 240000 | G10: =SUM(B10:F10) -> 1700500
A11: Bazaar | B11: 39000 | C11: 105000 | D11: 108000 | E11: 89000 | F11: 50000 | G11: =SUM(B11:F11) -> 391000
A12: Car Care | G12: =SUM(B12:E12) -> 0
A13: Car wash | G13: =SUM(B13:E13) -> 0
A14: Press | G14: =SUM(B14:E14) -> 0
A15: Lottery | G15: =SUM(B15:E15) -> 0
A16: Coffee | D16: 25000 | E16: 3000 | F16: 17000 | G16: =SUM(B16:F16) -> 45000
A17: Snacks | G17: =SUM(B17:E17) -> 0
A18: Lubricants in shop | G18: =SUM(B18:E18) -> 0
A19: Guichet unique | G19: =SUM(B19:E19) -> 0
A20: Total | B20: =SUM(B3:B19) -> 2418900 | C20: =SUM(C3:C19) -> 4909000 | D20: =SUM(D3:D19) -> 5035200 | E20: =SUM(E3:E19) -> 5012300 | F20: =SUM(F3:F19) -> 2922000 | G20: =SUM(G3:G19) -> 20297400
A23: Maintenance Issues & Challenges

Sheet DAILY SALES REPORT FOR MAY.2025
B1: TotalEnergies MARKETING UGANDA LIMITED
B2: SHOP WEEKLY REPORT (MTD)
B3: SHOP NAME | C3: TotalEnergies RWIZI | G3: MAY .2025
B4: MONTH
A5: DATE | B5: Non Alcholic | C5: Alcoholic | D5: Fresh products | E5: Ice cream | F5: Confectionery | G5: Tobacco | H5: Grocery | I5: Health & beauty | J5: Bazaar | K5: Car Care | L5: Car wash | M5: Press | N5: Lottery | O5: Coffee | P5: Snacks | Q5: Lubricants in shop | R5: Guichet | S5: Total T/O (Excluding Airtime, carwash,lubricants in shop) | T5: Global Total
A6: 1st | B6: 144000 | C6: 43000 | D6: 116000 | E6: 31500 | F6: 95000 | G6: 12000 | H6: 124000 | I6: 103000 | J6: 6000 | O6: 0 | Q6: 0 | R6: 0 | T6: =SUM(B6:S6) -> 674500
A7: 2nd | B7: 141000 | C7: 48000 | D7: 89000 | E7: 34000 | F7: 103300 | G7: 0 | H7: 94000 | I7: 44000 | J7: 3000 | O7: 5000 | Q7: 23000 | R7: 0 | T7: =SUM(B7:S7) -> 584300
A8: 3rd | B8: 163000 | C8: 50000 | D8: 128000 | E8: 71000 | F8: 110000 | G8: 0 | H8: 161000 | I8: 73000 | J8: 4000 | O8: 0 | Q8: 0 | R8: 0 | T8: =SUM(B8:S8) -> 760000
A9: 4th | B9: 96000 | C9: 34000 | D9: 31000 | E9: 6000 | F9: 41000 | G9: 6000 | H9: 12000 | I9: 18000 | J9: 12000 | O9: 5000 | Q9: 239000 | R9: 0 | T9: =SUM(B9:S9) -> 500000
A10: 5th | B10: 165000 | C10: 184000 | D10: 58000 | E10: 19000 | F10: 73000 | G10: 0 | H10: 67000 | I10: 72000 | J10: 9000 | O10: 6000 | Q10: 135500 | R10: 0 | T10: =SUM(B10:S10) -> 788500
A11: 6th | B11: 161000 | C11: 53000 | D11: 55000 | E11: 5000 | F11: 64000 | G11: 0 | H11: 37000 | I11: 40000 | J11: 5000 | O11: 6000 | Q11: 0 | R11: 0 | T11: =SUM(B11:S11) -> 426000
A12: 7th | B12: 90000 | C12: 46000 | D12: 72000 | E12: 4000 | F12: 101500 | G12: 0 | H12: 70000 | I12: 61000 | J12: 0 | O12: 12000 | Q12: 23000 | R12: 0 | T12: =SUM(B12:S12) -> 479500
A13: 8th | B13: 149000 | C13: 76000 | D13: 59000 | E13: 12000 | F13: 54000 | G13: 0 | H13: 19000 | I13: 57000 | J13: 6000 | O13: 0 | Q13: 23000 | R13: 0 | T13: =SUM(B13:S13) -> 455000
A14: 9th | B14: 243000 | C14: 62000 | D14: 166000 | E14: 25000 | F14: 146500 | G14: 6000 | H14: 102000 | I14: 66000 | J14: 19000 | O14: 18000 | Q14: 69000 | R14: 0 | T14: =SUM(B14:S14) -> 922500
A15: 10th | B15: 141000 | C15: 154000 | D15: 66000 | E15: 28000 | F15: 52600 | G15: 67000 | H15: 56000 | I15: 56000 | J15: 13000 | O15: 0 | Q15: 23000 | R15: 0 | T15: =SUM(B15:S15) -> 656600
A16: 11th | B16: 156000 | C16: 113000 | D16: 117000 | E16: 13000 | F16: 109000 | G16: 0 | H16: 102000 | I16: 72000 | J16: 12500 | O16: 0 | Q16: 0 | R16: 0 | T16: =SUM(B16:S16) -> 694500
A17: 12th | B17: 121000 | C17: 46000 | D17: 119000 | E17: 3000 | F17: 122000 | G17: 0 | H17: 88000 | I17: 35000 | J17: 0 | O17: 0 | Q17: 222000 | R17: 0 | T17: =SUM(B17:S17) -> 756000
... A24: 19th | B24: 184000 | C24: 57000 | D24: 76000 | E24: 7500 | F24: 61000 | G24: 24000 | H24: 76000 | I24: 68000 | J24: 6000 | O24: 0 | Q24: 0 | R24: 0 | T24: =SUM(B24:S24) -> 559500
A25: 20th | B25: 201000 | C25: 128000 | D25: 109000 | E25: 12000 | F25: 107000 | G25: 0 | H25: 102000 | I25: 63000 | J25: 3000 | Q25: 26000 | R25: 0 | T25: =SUM(B25:S25) -> 751000
A26: 21st | B26: 95000 | C26: 242000 | D26: 96000 | E26: 26000 | F26: 110000 | G26: 0 | H26: 107000 | I26: 104000 | J26: 100000 | O26: 10000 | Q26: 0 | R26: 143000 | T26: =SUM(B26:S26) -> 1033000
A27: 22nd | B27: 210000 | C27: 342000 | D27: 119000 | E27: 16000 | F27: 103000 | G27: 0 | H27: 113000 | I27: 58000 | J27: 66000 | O27: 0 | Q27: 196000 | R27: 0 | T27: =SUM(B27:S27) -> 1223000
A28: 23rd | B28: 204000 | C28: 163000 | D28: 74000 | E28: 7000 | F28: 96000 | G28: 0 | H28: 92000 | I28: 67000 | J28: 98000 | O28: 0 | Q28: 0 | R28: 0 | T28: =SUM(B28:S28) -> 801000
A29: 24th | B29: 204500 | C29: 226000 | D29: 104000 | E29: 15000 | F29: 92000 | G29: 0 | H29: 102000 | I29: 102000 | J29: 75000 | O29: 36000 | Q29: 46000 | R29: 0 | T29: =SUM(B29:S29) -> 1002500
A30: 25th | B30: 175500 | C30: 48000 | D30: 126000 | E30: 24000 | F30: 137000 | G30: 0 | H30: 94000 | I30: 103000 | J30: 6000 | O30: 0 | Q30: 0 | R30: 0 | T30: =SUM(B30:S30) -> 713500
A31: 26th | B31: 165000 | C31: 60000 | D31: 132000 | E31: 6000 | F31: 155000 | G31: 24000 | H31: 104000 | I31: 95000 | J31: 6000 | O31: 0 | Q31: 136000 | R31: 0 | T31: =SUM(B31:S31) -> 883000
A32: 27th | B32: 146000 | C32: 54000 | D32: 104000 | E32: 6000 | F32: 100000 | G32: 0 | H32: 42000 | I32: 52000 | J32: 0 | O32: 0 | Q32: 114000 | R32: 0 | T32: =SUM(B32:S32) -> 618000
A33: 28th | B33: 143000 | C33: 116000 | D33: 98000 | E33: 13500 | F33: 105000 | G33: 0 | H33: 86000 | I33: 47000 | J33: 0 | O33: 0 | Q33: 0 | R33: 0 | T33: =SUM(B33:S33) -> 608500
A34: 29th | B34: 145000 | C34: 62000 | D34: 64000 | E34: 10000 | F34: 94000 | G34: 0 | H34: 44000 | I34: 42000 | J34: 46000 | O34: 0 | Q34: 118000 | R34: 0 | T34: =SUM(B34:S34) -> 625000
A35: 30TH | B35: 142000 | C35: 198000 | D35: 104000 | E35: 7000 | F35: 120000 | G35: 0 | H35: 56000 | I35: 78000 | J35: 18000 | O35: 6000 | Q35: 288000 | R35: 0 | T35: =SUM(B35:S35) -> 1017000
A36: 31ST | B36: 245000 | C36: 112000 | D36: 85000 | E36: 10000 | F36: 84200 | G36: 0 | H36: 54000 | I36: 79000 | J36: 6000 | O36: 12000 | R36: 0 | T36: =SUM(B36:S36) -> 687200
A37: GRAND TOTAL | B37: =SUM(B6:B36) -> 4961000 | C37: =SUM(C6:C36) -> 3456000 | D37: =SUM(D6:D36) -> 2984000 | E37: =SUM(E6:E36) -> 527000 | F37: =SUM(F6:F36) -> 2982100 | G37: =SUM(G6:G36) -> 187000 | H37: =SUM(H6:H36) -> 2401000 | I37: =SUM(I6:I36) -> 1937000 | J37: =SUM(J6:J36) -> 587500 | O37: =SUM(O6:O36) -> 122000 | Q37: =SUM(Q6:Q36) -> 2200500 | R37: =SUM(R6:R36) -> 147000 | T37: =SUM(B37:S37) -> 22492100

Sheet WEEKLY SALES REPORT FOR MAY.25
A1: DATE: | B1: 1.5.2025 - 31.5.2025
A2: Product category | B2: Week 1 | C2: week 2 | D2: Week 3 | E2: Week 4 | F2: Week 5 | G2: TOTAL
A3: Non Alcholic | B3: 448000 | C3: 1045000 | D3: 1057000 | E3: 1249500 | F3: 1161500 | G3: =SUM(B3:F3) -> 4961000
A4: Alcoholic | B4: 141000 | C4: 609000 | D4: 768000 | E4: 1288000 | F4: 650000 | G4: =SUM(B4:F4) -> 3456000
A5: Fresh Products | B5: 333000 | C5: 507000 | D5: 791000 | E5: 640000 | F5: 713000 | G5: =SUM(B5:F5) -> 2984000
A6: Ice creams | B6: 136500 | C6: 99000 | D6: 104500 | E6: 110500 | F6: 76500 | G6: =SUM(B6:F6) -> 527000
A7: Confectionery | B7: 308300 | C7: 532600 | D7: 705100 | E7: 640900 | F7: 795200 | G7: =SUM(B7:F7) -> 2982100
A8: Tobacco | B8: 12000 | C8: 79000 | D8: 48000 | E8: 24000 | F8: 24000 | G8: =SUM(B8:F8) -> 187000
A9: Grocery | B9: 379000 | C9: 363000 | D9: 548000 | E9: 631000 | F9: 480000 | G9: =SUM(B9:F9) -> 2401000
A10: Health & beauty | B10: 220000 | C10: 370000 | D10: 332000 | E10: 519000 | F10: 496000 | G10: =SUM(B10:F10) -> 1937000
A11: Bazaar | B11: 13000 | C11: 64000 | D11: 74500 | E11: 354000 | F11: 82000 | G11: =SUM(B11:F11) -> 587500
A12: Car Care | G12: =SUM(B12:E12) -> 0
A13: Car wash | G13: =SUM(B13:E13) -> 0
A14: Press | G14: =SUM(B14:E14) -> 0
A15: Lottery | G15: =SUM(B15:E15) -> 0
A16: Coffee | B16: 5000 | C16: 47000 | D16: 52000 | E16: 18000 | G16: =SUM(B16:F16) -> 122000
A17: Snacks | G17: =SUM(B17:E17) -> 0
A18: Lubricants in shop | G18: =SUM(B18:E18) -> 0
A19: Guichet unique | G19: =SUM(B19:E19) -> 0
A20: Total | B20: =SUM(B3:B19) -> 1995800 | C20: =SUM(C3:C19) -> 3715600 | D20: =SUM(D3:D19) -> 4480100 | E20: =SUM(E3:E19) -> 5474900 | F20: =SUM(F3:F19) -> 4478200 | G20: =SUM(G3:G19) -> 20144600
A23: Maintenance Issues & Challenges

Sheet DAILY SALES REPORT FOR JUNE2025
B1: TotalEnergies MARKETING UGANDA LIMITED
B2: SHOP WEEKLY REPORT (MTD)
B3: SHOP NAME | C3: TotalEnergies RWIZI | G3: JUNE .2025
B4: MONTH
A5: DATE | B5: Non Alcholic | C5: Alcoholic | D5: Fresh products | E5: Ice cream | F5: Confectionery | G5: Tobacco | H5: Grocery | I5: Health & beauty | J5: Bazaar | K5: Car Care | L5: Car wash | M5: Press | N5: Lottery | O5: Coffee | P5: Snacks | Q5: Lubricants in shop | R5: Guichet | S5: Total T/O (Excluding Airtime, carwash,lubricants in shop) | T5: Global Total
A6: 1st | B6: 187000 | C6: 76000 | D6: 57000 | E6: 15000 | F6: 83000 | H6: 42000 | I6: 58000 | J6: 6000 | O6: 12000 | Q6: 0 | R6: 0 | T6: =SUM(B6:S6) -> 536000
A7: 2nd | B7: 193000 | C7: 179000 | D7: 134000 | E7: 41000 | F7: 108000 | H7: 106000 | I7: 60000 | J7: 30000 | O7: 5000 | R7: 0 | T7: =SUM(B7:S7) -> 856000
A8: 3rd | B8: 57000 | C8: 43000 | D8: 46000 | E8: 8000 | F8: 41000 | H8: 38000 | I8: 61000 | J8: 16000 | O8: 0 | Q8: 0 | R8: 0 | T8: =SUM(B8:S8) -> 310000
A9: 4th | B9: 160000 | C9: 54000 | D9: 50000 | E9: 9000 | F9: 90000 | H9: 61000 | I9: 55000 | J9: 26000 | O9: 5000 | R9: 0 | T9: =SUM(B9:S9) -> 510000
A10: 5th | B10: 132000 | C10: 60000 | D10: 104000 | E10: 24000 | F10: 76000 | G10: 36000 | H10: 94000 | I10: 48000 | J10: 11000 | Q10: 199550 | R10: 0 | T10: =SUM(B10:S10) -> 784550
A11: 6th | B11: 130000 | C11: 97000 | D11: 67000 | E11: 6000 | F11: 95000 | G11: 36000 | H11: 104000 | I11: 59000 | J11: 9000 | O11: 18000 | Q11: 0 | R11: 0 | T11: =SUM(B11:S11) -> 621000
A12: 7th | B12: 237500 | C12: 260000 | D12: 107000 | E12: 16500 | F12: 88000 | H12: 101000 | I12: 28000 | J12: 30000 | O12: 10000 | R12: 0 | T12: =SUM(B12:S12) -> 878000
A13: 8th | B13: 244000 | C13: 400000 | D13: 131000 | E13: 21500 | F13: 59500 | H13: 126000 | I13: 87000 | J13: 3000 | O13: 0 | R13: 0 | T13: =SUM(B13:S13) -> 1072000
A14: 9th | B14: 158000 | C14: 73000 | D14: 120000 | E14: 15000 | F14: 84000 | H14: 85000 | I14: 47000 | O14: 18000 | R14: 0 | T14: =SUM(B14:S14) -> 600000
A15: 10th | B15: 189000 | C15: 63000 | D15: 126000 | E15: 13000 | F15: 67000 | H15: 86000 | I15: 30000 | J15: 40000 | L15: 0 | O15: 0 | Q15: 218000 | R15: 20000 | T15: =SUM(B15:S15) -> 852000
A16: 11th | B16: 69000 | C16: 36000 | D16: 102000 | E16: 14000 | F16: 78000 | G16: 64000 | H16: 82000 | I16: 43000 | J16: 31000 | O16: 0 | R16: 0 | T16: =SUM(B16:S16) -> 519000
A17: 12th | B17: 112000 | C17: 52000 | D17: 134000 | E17: 10000 | F17: 87000 | G17: 42000 | H17: 113000 | I17: 71000 | J17: 40000 | O17: 0 | R17: 0 | T17: =SUM(B17:S17) -> 661000
A18: 13th | B18: 213000 | C18: 37000 | D18: 135000 | E18: 24000 | F18: 95000 | H18: 124000 | I18: 81000 | J18: 58000 | O18: 0 | R18: 0 | T18: =SUM(B18:S18) -> 767000
A19: 14th | B19: 188000 | C19: 88000 | D19: 176000 | E19: 6000 | F19: 96000 | H19: 204000 | I19: 55000 | J19: 15000 | O19: 20000 | R19: 0 | T19: =SUM(B19:S19) -> 848000
A20: 15th | B20: 190000 | C20: 146000 | D20: 109000 | E20: 28000 | F20: 72700 | H20: 37000 | I20: 50000 | J20: 6000 | O20: 0 | Q20: 63000 | R20: 0 | T20: =SUM(B20:S20) -> 701700
A21: 16TH | B21: 166500 | C21: 63000 | D21: 76000 | E21: 24500 | F21: 82000 | H21: 47000 | I21: 47000 | J21: 18000 | O21: 0 | R21: 0 | T21: =SUM(B21:S21) -> 524000
A22: 17th | B22: 187500 | C22: 61000 | D22: 67000 | E22: 25500 | F22: 56000 | G22: 12000 | H22: 100000 | I22: 56000 | J22: 32000 | O22: 24000 | T22: =SUM(B22:S22) -> 621000
A23: 18th | B23: 166000 | C23: 36000 | D23: 67000 | E23: 16000 | F23: 83000 | G23: 12000 | H23: 57000 | I23: 56000 | J23: 9000 | R23: 34000 | T23: =SUM(B23:S23) -> 536000
A24: 19th | B24: 117000 | C24: 127000 | D24: 51000 | E24: 9000 | F24: 81000 | H24: 43000 | I24: 50000 | J24: 3000 | O24: 24000 | R24: 0 | T24: =SUM(B24:S24) -> 505000
A25: 20th | B25: 182000 | C25: 117000 | D25: 87000 | E25: 16000 | F25: 35000 | G25: 38000 | H25: 70000 | I25: 41000 | J25: 32500 | O25: 12000 | Q25: 63000 | R25: 0 | T25: =SUM(B25:S25) -> 693500
A26: 21st | B26: 210000 | C26: 117000 | D26: 90000 | E26: 45000 | F26: 46000 | G26: 18000 | H26: 92000 | I26: 54000 | J26: 50000 | T26: =SUM(B26:S26) -> 722000
A27: 22nd | B27: 179000 | C27: 81000 | D27: 86000 | E27: 13000 | F27: 74000 | G27: 12000 | H27: 68000 | I27: 50000 | O27: 5000 | R27: 0 | T27: =SUM(B27:S27) -> 568000
A28: 23rd | B28: 102500 | C28: 61000 | D28: 111000 | E28: 8000 | F28: 54000 | G28: 6000 | H28: 64000 | I28: 58000 | J28: 35500 | O28: 13000 | T28: =SUM(B28:S28) -> 513000
A29: 24th | B29: 113000 | C29: 91000 | D29: 98000 | F29: 38000 | H29: 58000 | I29: 66000 | J29: 17000 | R29: 0 | T29: =SUM(B29:S29) -> 481000
A30: 25th | B30: 55000 | C30: 37000 | D30: 112000 | E30: 8000 | F30: 83000 | G30: 18000 | H30: 92000 | I30: 135000 | J30: 34000 | R30: 0 | T30: =SUM(B30:S30) -> 574000
A31: 26th | B31: 307500 | C31: 178000 | D31: 91000 | E31: 33500 | F31: 96100 | G31: 12000 | H31: 63000 | I31: 72000 | J31: 47000 | Q31: 265000 | R31: 0 | T31: =SUM(B31:S31) -> 1165100
A32: 27th | B32: 275500 | C32: 58000 | D32: 87000 | E32: 16000 | F32: 41000 | H32: 22500 | I32: 89000 | J32: 10000 | R32: 0 | T32: =SUM(B32:S32) -> 599000
A33: 28th | B33: 391000 | C33: 222000 | D33: 57000 | E33: 16000 | F33: 56400 | H33: 52000 | I33: 51000 | J33: 11000 | O33: 0 | R33: 0 | T33: =SUM(B33:S33) -> 856400
A34: 29th | B34: 101000 | C34: 143000 | D34: 69000 | E34: 17000 | F34: 73000 | H34: 102000 | I34: 57000 | J34: 36000 | O34: 10000 | R34: 0 | T34: =SUM(B34:S34) -> 608000
A35: 30TH | B35: 123000 | C35: 82000 | D35: 93000 | E35: 10000 | F35: 77000 | H35: 73000 | I35: 46000 | J35: 73000 | Q35: 200000 | R35: 0 | T35: =SUM(B35:S35) -> 777000
A36: 31ST | R36: 0 | T36: =SUM(B36:S36) -> 0
A37: GRAND TOTAL | B37: =SUM(B6:B36) -> 5136000 | C37: =SUM(C6:C36) -> 3138000 | D37: =SUM(D6:D36) -> 2840000 | E37: =SUM(E6:E36) -> 508500 | F37: =SUM(F6:F36) -> 2195700 | G37: =SUM(G6:G36) -> 306000 | H37: =SUM(H6:H36) -> 2406500 | I37: =SUM(I6:I36) -> 1761000 | J37: =SUM(J6:J36) -> 729000 | O37: =SUM(O6:O36) -> 176000 | Q37: =SUM(Q6:Q36) -> 1008550 | R37: =SUM(R6:R36) -> 54000 | T37: =SUM(B37:S37) -> 20259250

Sheet WEEKLY SALES REPORT FORJUNE2025
A1: DATE: | B1: 1.6.2025 - 30.6.2025
A2: Product category | B2: Week 1 | C2: week 2 | D2: Week 3 | E2: Week 4 | F2: Week 5 | G2: TOTAL
A3: Non Alcholic | B3: 1096500 | C3: 1173000 | D3: 1219000 | E3: 1423500 | F3: 224000 | G3: =SUM(B3:F3) -> 5136000
A4: Alcoholic | B4: 769000 | C4: 749000 | D4: 667000 | E4: 728000 | F4: 225000 | G4: =SUM(B4:F4) -> 3138000
A5: Fresh Products | B5: 565000 | C5: 924000 | D5: 547000 | E5: 642000 | F5: 162000 | G5: =SUM(B5:F5) -> 2840000
A6: Ice creams | B6: 119500 | C6: 103500 | D6: 164000 | E6: 94500 | F6: 27000 | G6: =SUM(B6:F6) -> 508500
A7: Confectionery | B7: 581000 | C7: 566500 | D7: 455700 | E7: 442500 | F7: 150000 | G7: =SUM(B7:F7) -> 2195700
A8: Tobacco | B8: 72000 | C8: 106000 | D8: 80000 | E8: 48000 | F8: 0 | G8: =SUM(B8:F8) -> 306000
A9: Grocery | B9: 546000 | C9: 820000 | D9: 446000 | E9: 419500 | F9: 175000 | G9: =SUM(B9:F9) -> 2406500
A10: Health & beauty | B10: 369000 | C10: 414000 | D10: 354000 | E10: 521000 | F10: 103000 | G10: =SUM(B10:F10) -> 1761000
A11: Bazaar | B11: 128000 | C11: 187000 | D11: 150500 | E11: 154500 | F11: 109000 | G11: =SUM(B11:F11) -> 729000
A12: Car Care | G12: =SUM(B12:E12) -> 0
A13: Car wash | G13: =SUM(B13:E13) -> 0
A14: Press | G14: =SUM(B14:E14) -> 0
A15: Lottery | G15: =SUM(B15:E15) -> 0
A16: Coffee | B16: 50000 | C16: 38000 | D16: 60000 | E16: 28000 | G16: =SUM(B16:F16) -> 176000
A17: Snacks | G17: =SUM(B17:E17) -> 0
A18: Lubricants in shop | G18: =SUM(B18:E18) -> 0
A19: Guichet unique | G19: =SUM(B19:E19) -> 0
A20: Total | B20: =SUM(B3:B19) -> 4296000 | C20: =SUM(C3:C19) -> 5081000 | D20: =SUM(D3:D19) -> 4143200 | E20: =SUM(E3:E19) -> 4501500 | F20: =SUM(F3:F19) -> 1175000 | G20: =SUM(G3:G19) -> 19196700
A23: Maintenance Issues & Challenges

Sheet DAIRY REPORT JULY 2025
B1: TotalEnergies MARKETING UGANDA LIMITED
B2: SHOP WEEKLY REPORT (MTD)
B3: SHOP NAME | C3: TotalEnergies RWIZI | G3: JULY .2025
B4: MONTH
A5: DATE | B5: Non Alcholic | C5: Alcoholic | D5: Fresh products | E5: Ice cream | F5: Confectionery | G5: Tobacco | H5: Grocery | I5: Health & beauty | J5: Bazaar | K5: Car Care | L5: Car wash | M5: Press | N5: Lottery | O5: Coffee | P5: Snacks | Q5: Lubricants in shop | R5: Guichet | S5: Total T/O (Excluding Airtime, carwash,lubricants in shop) | T5: Global Total
A6: 1st | B6: 165500 | C6: 74000 | D6: 74000 | E6: 17000 | F6: 65000 | G6: 0 | H6: 41000 | I6: 61000 | J6: 6000 | O6: 12000 | Q6: 92000 | T6: =SUM(B6:S6) -> 607500
A7: 2nd | B7: 278000 | C7: 49000 | D7: 60000 | E7: 20000 | F7: 106000 | G7: 0 | H7: 82000 | I7: 46000 | J7: 19000 | O7: 34000 | T7: =SUM(B7:S7) -> 694000
A8: 3rd | B8: 166500 | C8: 64000 | D8: 104000 | E8: 11000 | F8: 60000 | G8: 0 | H8: 80000 | I8: 48000 | J8: 33000 | T8: =SUM(B8:S8) -> 566500
A9: 4th | B9: 248000 | C9: 192000 | D9: 114000 | E9: 51000 | F9: 101000 | G9: 12000 | H9: 96000 | I9: 69000 | J9: 26000 | O9: 7000 | T9: =SUM(B9:S9) -> 916000
